Experiment;Box;Box2;L;a;l;Outcome
Exp1;1_1;1;33.1;0;14.5;not_eaten
Exp1;1_1;1;24.8;9.4;11.7;not_eaten
Exp1;1_1;1;33;13.7;14.4;not_eaten
Exp1;1_1;1;18.8;3.9;6.9;not_eaten
Exp1;1_1;1;34;15.9;16.9;not_eaten
Exp1;1_1;1;22.6;6.9;7.7;not_eaten
Exp1;1_1;1;34.5;13.9;13.7;not_eaten
Exp1;1_1;1;17.8;5.3;8.7;not_eaten
Exp1;1_1;1;29.9;0;12.7;not_eaten
Exp1;1_1;1;21.4;0;8.7;not_eaten
Exp1;1_1;1;34.5;0;14.6;not_eaten
Exp1;1_1;1;28.4;0;11.9;not_eaten
Exp1;1_1;1;19.9;0;9;not_eaten
Exp1;1_1;1;33.4;8.9;15;not_eaten
Exp1;1_1;1;21.9;0;8.7;not_eaten
Exp1;1_1;1;27;11.6;11.6;not_eaten
Exp1;1_1;1;30.3;0;10.7;not_eaten
Exp1;1_1;1;22.2;11.2;11.1;not_eaten
Exp1;1_1;1;18.4;0;7.7;not_eaten
Exp1;1_1;1;34;8.8;13.5;not_eaten
Exp1;1_1;1;25.1;10.2;11.6;not_eaten
Exp1;1_1;1;27.8;13.5;13.5;not_eaten
Exp1;1_1;1;31;14.3;14.1;not_eaten
Exp1;1_1;1;27.6;10.2;11.6;not_eaten
Exp1;1_1;1;29.9;0;12.4;not_eaten
Exp1;1_1;1;30.4;0;14;not_eaten
Exp1;1_1;1;23.8;11.2;14.2;not_eaten
Exp1;1_1;1;20.2;9.7;9.7;not_eaten
Exp1;1_1;1;20.1;8.7;8.7;not_eaten
Exp1;1_1;1;28.4;13.3;13.3;not_eaten
Exp1;1_1;1;30;9.9;13;not_eaten
Exp1;1_1;1;32.9;8.5;16;not_eaten
Exp1;1_1;1;33.3;0;15.4;not_eaten
Exp1;1_1;1;31;12.8;14.1;not_eaten
Exp1;1_1;1;18.2;2.5;7.1;not_eaten
Exp1;1_1;1;21.6;10;10.5;not_eaten
Exp1;1_1;1;21.1;6.6;8.8;not_eaten
Exp1;1_1;1;21.3;9.4;10.3;not_eaten
Exp1;1_1;1;25.4;10.8;10.8;not_eaten
Exp1;1_1;1;29.7;8.5;13.6;not_eaten
Exp1;1_1;1;24.1;6.4;10.6;not_eaten
Exp1;1_1;1;20;8.6;8.4;not_eaten
Exp1;1_1;1;31.4;6;13.6;not_eaten
Exp1;1_1;1;27.8;0;11.2;not_eaten
Exp1;1_1;1;25;10.7;10.7;not_eaten
Exp1;1_1;1;22.8;9.1;9.8;not_eaten
Exp1;1_1;1;29.5;13.1;13;not_eaten
Exp1;1_1;1;28.8;0;10.7;not_eaten
Exp1;1_1;1;25.9;10.2;11.5;not_eaten
Exp1;1_1;1;30.9;14.4;15.4;not_eaten
Exp1;1_1;1;17.7;0;7.9;not_eaten
Exp1;1_1;1;31;6.5;13.9;not_eaten
Exp1;1_1;1;19.2;0;8.5;not_eaten
Exp1;1_1;1;23.7;11.7;11.7;not_eaten
Exp1;1_1;1;33.8;0;13.4;not_eaten
Exp1;1_1;1;21.9;9.6;9.6;not_eaten
Exp1;1_1;1;25.5;11.3;11.3;not_eaten
Exp1;1_1;1;31.5;0;14.8;not_eaten
Exp1;1_1;1;19.6;4;9.2;eaten
Exp1;1_1;1;18.6;0;8;eaten
Exp1;1_1;1;20.4;3.5;9.1;eaten
Exp1;1_1;1;34.2;0;14.5;eaten
Exp1;1_1;1;20.1;0;7.9;eaten
Exp1;1_1;1;29.6;0;13.5;eaten
Exp1;1_1;1;21.5;0;11;eaten
Exp1;1_1;1;21.4;0;11;eaten
Exp1;1_2;2;37.6;14;14;not_eaten
Exp1;1_2;2;38.4;9.9;14.9;not_eaten
Exp1;1_2;2;39.1;0;14.8;not_eaten
Exp1;1_2;2;22.7;0;7;not_eaten
Exp1;1_2;2;36.6;0;16.6;not_eaten
Exp1;1_2;2;37.5;13;18.5;not_eaten
Exp1;1_2;2;20.2;0;8.9;not_eaten
Exp1;1_2;2;33.3;14.4;14.4;not_eaten
Exp1;1_2;2;23.7;0;8;not_eaten
Exp1;1_2;2;27.3;0;12.2;not_eaten
Exp1;1_2;2;24.3;11.2;11.2;not_eaten
Exp1;1_2;2;32.8;9.7;14.7;not_eaten
Exp1;1_2;2;25.2;10.2;10.2;not_eaten
Exp1;1_2;2;22.1;8.8;8.8;not_eaten
Exp1;1_2;2;27.9;13.1;13.1;not_eaten
Exp1;1_2;2;28.4;11.7;11.7;not_eaten
Exp1;1_2;2;32.3;13.4;15.4;not_eaten
Exp1;1_2;2;29.9;12.3;13.7;not_eaten
Exp1;1_2;2;30.5;13.1;13.1;not_eaten
Exp1;1_2;2;25.1;9.8;10.7;not_eaten
Exp1;1_2;2;24;11.1;11.1;not_eaten
Exp1;1_2;2;24.8;9.1;9.5;not_eaten
Exp1;1_2;2;18.9;0;8.1;not_eaten
Exp1;1_2;2;30.6;13.9;13.9;not_eaten
Exp1;1_2;2;23.1;11.4;11.4;not_eaten
Exp1;1_2;2;28;8.5;12.5;not_eaten
Exp1;1_2;2;33.5;13.2;15.6;not_eaten
Exp1;1_2;2;27.8;11.9;11.6;not_eaten
Exp1;1_2;2;19.1;0;8;not_eaten
Exp1;1_2;2;25.6;11.1;11;not_eaten
Exp1;1_2;2;16.6;0;7.2;not_eaten
Exp1;1_2;2;32.7;0;13.3;not_eaten
Exp1;1_2;2;16.7;5;7.6;not_eaten
Exp1;1_2;2;28.3;11.9;11.9;not_eaten
Exp1;1_2;2;30.5;0;13.3;not_eaten
Exp1;1_2;2;23.9;9.8;11.4;not_eaten
Exp1;1_2;2;16.6;6.7;6.7;not_eaten
Exp1;1_2;2;35.1;10.5;15.5;not_eaten
Exp1;1_2;2;23.3;10.5;10.5;not_eaten
Exp1;1_2;2;24.6;10.6;10.6;not_eaten
Exp1;1_2;2;26.1;12;12;not_eaten
Exp1;1_2;2;21.1;9.4;9.9;not_eaten
Exp1;1_2;2;26.4;13.1;13.1;not_eaten
Exp1;1_2;2;27.7;8;10.8;not_eaten
Exp1;1_2;2;33;0;15.1;not_eaten
Exp1;1_2;2;19.2;0;8.3;not_eaten
Exp1;1_2;2;19.6;9.3;9.1;not_eaten
Exp1;1_2;2;32.7;9;13.5;not_eaten
Exp1;1_2;2;19.1;8.6;8.6;not_eaten
Exp1;1_2;2;27.5;8.5;11.3;not_eaten
Exp1;1_2;2;27.2;0;10.4;not_eaten
Exp1;1_2;2;19.5;8.1;8.1;not_eaten
Exp1;1_2;2;21.2;5.3;7.6;not_eaten
Exp1;1_2;2;24.4;10;10;not_eaten
Exp1;1_2;2;30.1;12.9;12.9;not_eaten
Exp1;1_2;2;25.8;0;10.8;not_eaten
Exp1;1_2;2;19.7;0;9.2;not_eaten
Exp1;1_2;2;26.7;12.9;12.8;not_eaten
Exp1;1_2;2;32.9;13.8;15.5;not_eaten
Exp1;1_2;2;20;8.2;9.1;eaten
Exp1;1_2;2;26.3;11.5;11.5;eaten
Exp1;1_2;2;15.2;0;7.5;eaten
Exp1;1_2;2;33.1;0;15.5;eaten
Exp1;1_2;2;32.9;13.8;13.8;eaten
Exp1;1_2;2;21.2;9.8;9.8;eaten
Exp1;1_2;2;19.9;8.9;8.9;eaten
Exp1;1_2;2;29.4;0;13.2;eaten
Exp1;1_2;2;30.8;7.5;13.7;eaten
Exp1;1_3;3;26.6;0;11.2;not_eaten
Exp1;1_3;3;23.1;10.1;10.1;not_eaten
Exp1;1_3;3;21;7.5;9.7;not_eaten
Exp1;1_3;3;32;14.1;14.1;not_eaten
Exp1;1_3;3;21.7;6.5;9.5;not_eaten
Exp1;1_3;3;30.1;0;11.3;not_eaten
Exp1;1_3;3;35.2;10;14.8;not_eaten
Exp1;1_3;3;27;11;12.2;not_eaten
Exp1;1_3;3;19.3;8.6;8.6;not_eaten
Exp1;1_3;3;29.3;0;12.5;not_eaten
Exp1;1_3;3;31.7;0;13.7;not_eaten
Exp1;1_3;3;28.1;12.1;13.3;not_eaten
Exp1;1_3;3;27.8;6.5;11;not_eaten
Exp1;1_3;3;27.9;12.5;12.5;not_eaten
Exp1;1_3;3;21.6;0;9.2;not_eaten
Exp1;1_3;3;33;14.4;14.4;not_eaten
Exp1;1_3;3;34.6;0;15.7;not_eaten
Exp1;1_3;3;21.6;9.2;9.2;not_eaten
Exp1;1_3;3;27.6;13.8;13.8;not_eaten
Exp1;1_3;3;26.4;12.2;11.9;not_eaten
Exp1;1_3;3;22.7;6.4;10.6;not_eaten
Exp1;1_3;3;33.2;0;14.4;not_eaten
Exp1;1_3;3;31;13.5;13.5;not_eaten
Exp1;1_3;3;22.1;9.4;9.4;not_eaten
Exp1;1_3;3;32.9;16.1;16.1;not_eaten
Exp1;1_3;3;29;12.9;12.9;not_eaten
Exp1;1_3;3;28.7;13.2;13.2;not_eaten
Exp1;1_3;3;27.7;12.2;12.2;not_eaten
Exp1;1_3;3;33.3;15.1;15.1;not_eaten
Exp1;1_3;3;21.1;10.2;10.2;not_eaten
Exp1;1_3;3;19.7;8.7;8.7;not_eaten
Exp1;1_3;3;22.8;9.5;9.5;not_eaten
Exp1;1_3;3;29.1;8.8;12.4;not_eaten
Exp1;1_3;3;33;7.3;14.6;not_eaten
Exp1;1_3;3;33.9;0;14.4;not_eaten
Exp1;1_3;3;35.1;13.9;16.2;not_eaten
Exp1;1_3;3;24.7;0;9.1;not_eaten
Exp1;1_3;3;30.4;5.8;14;not_eaten
Exp1;1_3;3;28.5;12.4;12.4;not_eaten
Exp1;1_3;3;23.7;11.1;11.1;not_eaten
Exp1;1_3;3;20.8;0;8.1;not_eaten
Exp1;1_3;3;33.8;14.5;16.2;not_eaten
Exp1;1_3;3;33;11;14.5;not_eaten
Exp1;1_3;3;28.8;9;11.2;not_eaten
Exp1;1_3;3;20.4;0;7.6;not_eaten
Exp1;1_3;3;31.7;0;12.5;not_eaten
Exp1;1_3;3;21;6.2;9.1;not_eaten
Exp1;1_3;3;18.7;0;8.4;not_eaten
Exp1;1_3;3;29.6;14.5;14.5;not_eaten
Exp1;1_3;3;18.4;8.3;8.3;not_eaten
Exp1;1_3;3;31.2;0;14.8;not_eaten
Exp1;1_3;3;15.5;0;6.9;not_eaten
Exp1;1_3;3;32.5;0;14.5;not_eaten
Exp1;1_3;3;33.2;0;14.9;not_eaten
Exp1;1_3;3;21.5;9.3;9.3;not_eaten
Exp1;1_3;3;21.8;10.6;10.6;not_eaten
Exp1;1_3;3;20.1;7.5;7.5;not_eaten
Exp1;1_3;3;24.3;11.9;11.9;not_eaten
Exp1;1_3;3;23.9;8.3;10.5;not_eaten
Exp1;1_3;3;23.2;11.8;11.8;not_eaten
Exp1;1_3;3;18.1;8.1;8.1;not_eaten
Exp1;1_3;3;21.1;5.5;9.3;not_eaten
Exp1;1_3;3;17;0;7.3;not_eaten
Exp1;1_3;3;15.4;0;6.5;eaten
Exp1;1_3;3;16.1;0;6.8;eaten
Exp1;1_3;3;17.7;0;7.9;eaten
Exp1;1_3;3;31;12;12.8;eaten
Exp1;1_3;3;20.5;0;7.9;eaten
Exp1;1_3;3;20.5;6;8.5;eaten
Exp1;1_3;3;25.4;9.5;11.3;eaten
Exp1;1_3;3;31.4;0;13;eaten
Exp1;1_3;3;19.3;0;8.2;eaten
Exp1;1_3;3;15.6;0;6.5;eaten
Exp1;1_3;3;23.6;7.3;10.5;eaten
Exp1;1_4;4;18.5;7.6;7.6;not_eaten
Exp1;1_4;4;22.9;9.7;9.7;not_eaten
Exp1;1_4;4;19.7;3.8;9.3;not_eaten
Exp1;1_4;4;31.8;8.9;14.9;not_eaten
Exp1;1_4;4;34.7;14.9;15;not_eaten
Exp1;1_4;4;34.6;13.5;15;not_eaten
Exp1;1_4;4;32.5;13;14.6;not_eaten
Exp1;1_4;4;29.6;12.1;13.9;not_eaten
Exp1;1_4;4;31.5;12.2;16.1;not_eaten
Exp1;1_4;4;31.5;12.8;15.2;not_eaten
Exp1;1_4;4;31.2;9.2;14.5;not_eaten
Exp1;1_4;4;24;0;9.4;not_eaten
Exp1;1_4;4;26.3;12.9;12.9;not_eaten
Exp1;1_4;4;30.9;12.5;13.8;not_eaten
Exp1;1_4;4;28.3;12.4;12.4;not_eaten
Exp1;1_4;4;25.2;11;11;not_eaten
Exp1;1_4;4;31.2;11;12.9;not_eaten
Exp1;1_4;4;32.5;0;14.3;not_eaten
Exp1;1_4;4;32.2;0;14.3;not_eaten
Exp1;1_4;4;20.3;9.7;9.7;not_eaten
Exp1;1_4;4;30.4;0;11.7;not_eaten
Exp1;1_4;4;20.2;11;11;not_eaten
Exp1;1_4;4;18.8;0;8.5;not_eaten
Exp1;1_4;4;30.2;14.8;14.8;not_eaten
Exp1;1_4;4;26.5;11.6;11.6;not_eaten
Exp1;1_4;4;19.3;4.4;7.5;not_eaten
Exp1;1_4;4;31.6;11.8;15.5;not_eaten
Exp1;1_4;4;33.1;9.3;15.9;not_eaten
Exp1;1_4;4;26.3;0;12.8;not_eaten
Exp1;1_4;4;31.6;0;13.9;not_eaten
Exp1;1_4;4;21;0;13.1;not_eaten
Exp1;1_4;4;19.3;5.5;7.9;not_eaten
Exp1;1_4;4;23.3;7.3;9.5;not_eaten
Exp1;1_4;4;23.9;12.3;12.3;not_eaten
Exp1;1_4;4;29.8;0;12.9;not_eaten
Exp1;1_4;4;26.9;13;13;not_eaten
Exp1;1_4;4;16.6;0;7.1;not_eaten
Exp1;1_4;4;18.3;3.5;8.4;not_eaten
Exp1;1_4;4;20.8;9.7;9.7;not_eaten
Exp1;1_4;4;18;0;9;not_eaten
Exp1;1_4;4;17.8;3.7;7.9;not_eaten
Exp1;1_4;4;18.9;8.4;8.4;not_eaten
Exp1;1_4;4;28.3;11.2;11.5;not_eaten
Exp1;1_4;4;22.2;9.7;9.7;not_eaten
Exp1;1_4;4;21;7.4;9.4;not_eaten
Exp1;1_4;4;19.7;9.9;9.9;not_eaten
Exp1;1_4;4;33.5;0;16.6;not_eaten
Exp1;1_4;4;34.5;0;14.1;not_eaten
Exp1;1_4;4;26.4;11.3;11.3;not_eaten
Exp1;1_4;4;30.4;7;14.1;not_eaten
Exp1;1_4;4;27.8;9.2;12.4;not_eaten
Exp1;1_4;4;27.6;10.2;12.8;not_eaten
Exp1;1_4;4;23.6;11.4;11.4;not_eaten
Exp1;1_4;4;27.6;11.9;11.9;not_eaten
Exp1;1_4;4;18.1;5.3;6.9;not_eaten
Exp1;1_4;4;25.8;11.8;11.8;not_eaten
Exp1;1_4;4;31.3;0;12.2;not_eaten
Exp1;1_4;4;16.3;7.5;7.5;not_eaten
Exp1;1_4;4;32.2;0;12.1;not_eaten
Exp1;1_4;4;34.9;18;18;not_eaten
Exp1;1_4;4;34;15.9;15.9;not_eaten
Exp1;1_4;4;23.7;10.4;10.4;not_eaten
Exp1;1_4;4;33;14.8;14.8;not_eaten
Exp1;1_4;4;22.4;9.1;9.1;not_eaten
Exp1;1_4;4;28.9;0;14.5;not_eaten
Exp1;1_4;4;22.3;10.3;10.3;not_eaten
Exp1;1_4;4;29.4;9.1;13.4;not_eaten
Exp1;1_4;4;30;13.1;13.1;not_eaten
Exp1;1_4;4;23.7;10.9;10.9;not_eaten
Exp1;1_4;4;24.7;7.6;9.7;not_eaten
Exp1;1_4;4;17.5;0;7.5;not_eaten
Exp1;1_4;4;20.3;6.2;8.6;eaten
Exp1;1_4;4;25.4;7;12.5;eaten
Exp1;1_4;4;21.1;0;9.3;eaten
Exp1;1_4;4;17.1;0;7.8;eaten
Exp1;1_4;4;18.9;5.9;7.7;eaten
Exp1;1_4;4;16.2;0;7.1;eaten
Exp1;1_4;4;29.9;15.6;15.6;eaten
Exp1;1_5;5;33.2;12.9;14.8;not_eaten
Exp1;1_5;5;31.2;0;15.1;not_eaten
Exp1;1_5;5;28;0;11.7;not_eaten
Exp1;1_5;5;22.8;10.4;10.9;not_eaten
Exp1;1_5;5;27.3;14.5;14.5;not_eaten
Exp1;1_5;5;31.1;13.3;14.8;not_eaten
Exp1;1_5;5;21.9;6.8;9.2;not_eaten
Exp1;1_5;5;29.3;0;13.1;not_eaten
Exp1;1_5;5;19.7;8.9;8.9;not_eaten
Exp1;1_5;5;33.6;6.6;14.3;not_eaten
Exp1;1_5;5;34.5;0;15.4;not_eaten
Exp1;1_5;5;26;0;11;not_eaten
Exp1;1_5;5;30.5;0;13.1;not_eaten
Exp1;1_5;5;30.9;10.2;14.4;not_eaten
Exp1;1_5;5;28.1;12.7;12.7;not_eaten
Exp1;1_5;5;34.4;11;14;not_eaten
Exp1;1_5;5;25.3;11.3;11.3;not_eaten
Exp1;1_5;5;30.9;13.2;13.2;not_eaten
Exp1;1_5;5;19.8;8;8.1;not_eaten
Exp1;1_5;5;27.3;11.1;11.1;not_eaten
Exp1;1_5;5;22.7;10.7;10.7;not_eaten
Exp1;1_5;5;19.8;6.9;9.5;not_eaten
Exp1;1_5;5;35.6;14.8;14.8;not_eaten
Exp1;1_5;5;20;0;8.4;not_eaten
Exp1;1_5;5;34;0;15;not_eaten
Exp1;1_5;5;23.4;11.3;11.3;not_eaten
Exp1;1_5;5;19;0;7.8;not_eaten
Exp1;1_5;5;25.9;11.9;11.9;not_eaten
Exp1;1_5;5;25.3;12.5;12.5;not_eaten
Exp1;1_5;5;19.2;0;8.5;not_eaten
Exp1;1_5;5;33.7;15.5;15.5;not_eaten
Exp1;1_5;5;26.9;7.7;11.5;not_eaten
Exp1;1_5;5;31.1;0;14;not_eaten
Exp1;1_5;5;25.1;0;10.9;not_eaten
Exp1;1_5;5;18.6;8.8;8.8;not_eaten
Exp1;1_5;5;35;16.2;16.2;not_eaten
Exp1;1_5;5;19.4;10.1;10.1;not_eaten
Exp1;1_5;5;29;0;13.3;not_eaten
Exp1;1_5;5;21.2;0;8.7;not_eaten
Exp1;1_5;5;31.9;13.4;14.9;not_eaten
Exp1;1_5;5;25.6;12.1;12.1;not_eaten
Exp1;1_5;5;20.8;0;9.8;not_eaten
Exp1;1_5;5;19.8;9.9;9.9;not_eaten
Exp1;1_5;5;32.1;5.5;16.7;not_eaten
Exp1;1_5;5;30.3;11;14.7;not_eaten
Exp1;1_5;5;18.4;0;8.6;not_eaten
Exp1;1_5;5;27.9;13.1;13.1;not_eaten
Exp1;1_5;5;30.4;6.4;11;not_eaten
Exp1;1_5;5;16.3;0;7;not_eaten
Exp1;1_5;5;23.8;10.9;10.9;not_eaten
Exp1;1_5;5;17.7;7.6;8.1;not_eaten
Exp1;1_5;5;29.5;0;14.1;not_eaten
Exp1;1_5;5;28.2;11.8;11.8;not_eaten
Exp1;1_5;5;17.2;0;8.6;not_eaten
Exp1;1_5;5;34.2;10.3;15.3;not_eaten
Exp1;1_5;5;19.3;0;8.8;not_eaten
Exp1;1_5;5;32.1;14.6;14.8;not_eaten
Exp1;1_5;5;27;11.3;11.3;not_eaten
Exp1;1_5;5;22.1;9.5;9.5;not_eaten
Exp1;1_5;5;28.4;7.5;13.8;not_eaten
Exp1;1_5;5;29.2;5.5;11.8;not_eaten
Exp1;1_5;5;21.4;9.6;9.6;not_eaten
Exp1;1_5;5;19.4;0;8.9;not_eaten
Exp1;1_5;5;25.6;0;11.5;eaten
Exp1;1_5;5;16.6;0;7.6;eaten
Exp1;1_5;5;16.9;0;7.5;eaten
Exp1;1_5;5;33;0;12.6;eaten
Exp1;1_5;5;32;0;14;eaten
Exp1;1_5;5;30.7;0;14.2;eaten
Exp1;1_5;5;25.4;9.2;9.9;eaten
Exp1;1_6;6;27.6;0;11.9;not_eaten
Exp1;1_6;6;18.3;8.5;8.5;not_eaten
Exp1;1_6;6;28;12.4;12.4;not_eaten
Exp1;1_6;6;20.9;7.7;9.5;not_eaten
Exp1;1_6;6;19.9;9.2;9.2;not_eaten
Exp1;1_6;6;28;12.9;12.9;not_eaten
Exp1;1_6;6;21.2;10.3;10.3;not_eaten
Exp1;1_6;6;24.3;11;11;not_eaten
Exp1;1_6;6;26.8;12.2;13.2;not_eaten
Exp1;1_6;6;24.5;11.4;12.9;not_eaten
Exp1;1_6;6;36.9;12.4;16.5;not_eaten
Exp1;1_6;6;20.3;8.5;9.1;not_eaten
Exp1;1_6;6;27.6;0;11.5;not_eaten
Exp1;1_6;6;24.2;9.7;10.7;not_eaten
Exp1;1_6;6;25.1;8;10.9;not_eaten
Exp1;1_6;6;30.8;14.1;14.1;not_eaten
Exp1;1_6;6;28.5;11.5;11.5;not_eaten
Exp1;1_6;6;20;0;9.1;not_eaten
Exp1;1_6;6;30.4;0;12.7;not_eaten
Exp1;1_6;6;31.4;14.4;14.4;not_eaten
Exp1;1_6;6;32.1;12.5;14.5;not_eaten
Exp1;1_6;6;27.8;13.9;13.6;not_eaten
Exp1;1_6;6;21.3;9;9;not_eaten
Exp1;1_6;6;22;0;10.2;not_eaten
Exp1;1_6;6;22.2;11.3;11.3;not_eaten
Exp1;1_6;6;32;14.7;14.7;not_eaten
Exp1;1_6;6;26.2;0;11.8;not_eaten
Exp1;1_6;6;32.5;0;13.2;not_eaten
Exp1;1_6;6;32.9;0;14;not_eaten
Exp1;1_6;6;25.3;11;11;not_eaten
Exp1;1_6;6;24.3;11.4;11.4;not_eaten
Exp1;1_6;6;27.9;8.5;11.7;not_eaten
Exp1;1_6;6;28.9;0;12.1;not_eaten
Exp1;1_6;6;19.1;0;7.9;not_eaten
Exp1;1_6;6;25.8;10.9;11.9;not_eaten
Exp1;1_6;6;24.3;10.4;11.4;not_eaten
Exp1;1_6;6;33.7;15.6;15.6;not_eaten
Exp1;1_6;6;30;0;12.5;not_eaten
Exp1;1_6;6;28.3;0;13.2;not_eaten
Exp1;1_6;6;20.4;9.5;9.5;not_eaten
Exp1;1_6;6;32.4;15.5;15.5;not_eaten
Exp1;1_6;6;31.4;13.8;13.8;not_eaten
Exp1;1_6;6;27.4;0;12.5;not_eaten
Exp1;1_6;6;30.4;12.9;12.9;not_eaten
Exp1;1_6;6;21.1;9.3;9.3;not_eaten
Exp1;1_6;6;32;14;14;not_eaten
Exp1;1_6;6;18.8;0;8.6;not_eaten
Exp1;1_6;6;29.9;0;13.4;not_eaten
Exp1;1_6;6;31.7;13.7;13.7;not_eaten
Exp1;1_6;6;26.6;5.7;10.9;not_eaten
Exp1;1_6;6;31.3;13.9;13.9;not_eaten
Exp1;1_6;6;22.3;4.5;11.7;not_eaten
Exp1;1_6;6;23.5;0;9.4;not_eaten
Exp1;1_6;6;18.4;0;7.6;not_eaten
Exp1;1_6;6;17.2;2.8;6.8;not_eaten
Exp1;1_6;6;22.6;6.7;8.8;not_eaten
Exp1;1_6;6;20.3;0;9.3;not_eaten
Exp1;1_6;6;16.5;5.7;7.2;not_eaten
Exp1;1_6;6;18.3;0;7.9;not_eaten
Exp1;1_6;6;19.9;0;8.1;not_eaten
Exp1;1_6;6;21.2;0;9.5;not_eaten
Exp1;1_6;6;21.2;6.5;9.6;not_eaten
Exp1;1_6;6;19.3;3.6;8.9;eaten
Exp1;1_6;6;20.6;6.6;8.8;eaten
Exp1;1_6;6;21;0;9.6;eaten
Exp1;1_6;6;23.5;0;11;eaten
Exp1;1_6;6;20.5;10.3;10.3;eaten
Exp1;1_6;6;17.7;0;8.3;eaten
Exp1;1_6;6;19.5;7.4;8.7;eaten
Exp1;1_6;6;17.7;0;7.9;eaten
Exp1;1_6;6;28.7;7.6;14.1;eaten
Exp1;1_7;7;32.5;10.9;13.8;not_eaten
Exp1;1_7;7;16.5;0;7.8;not_eaten
Exp1;1_7;7;30.8;0;14.7;not_eaten
Exp1;1_7;7;23.8;0;9.6;not_eaten
Exp1;1_7;7;26.7;12.6;12.6;not_eaten
Exp1;1_7;7;29.2;7.9;11.4;not_eaten
Exp1;1_7;7;20.1;0;9.1;not_eaten
Exp1;1_7;7;33.3;0;15.8;not_eaten
Exp1;1_7;7;19.9;8;9.1;not_eaten
Exp1;1_7;7;33.1;11.4;14;not_eaten
Exp1;1_7;7;27;11.4;11.4;not_eaten
Exp1;1_7;7;18.6;9.8;9.8;not_eaten
Exp1;1_7;7;29.9;0;13.4;not_eaten
Exp1;1_7;7;23.3;10.7;10.7;not_eaten
Exp1;1_7;7;32.3;0;14.4;not_eaten
Exp1;1_7;7;34.7;11;14.1;not_eaten
Exp1;1_7;7;34.9;16.4;16.4;not_eaten
Exp1;1_7;7;31.2;0;12.5;not_eaten
Exp1;1_7;7;29;7.2;12.2;not_eaten
Exp1;1_7;7;28.8;0;13.6;not_eaten
Exp1;1_7;7;29;14.3;14.3;not_eaten
Exp1;1_7;7;31.5;0;13.7;not_eaten
Exp1;1_7;7;33.3;15.4;15.4;not_eaten
Exp1;1_7;7;17.7;8.7;8.7;not_eaten
Exp1;1_7;7;31.4;0;13.7;not_eaten
Exp1;1_7;7;35.1;16.6;16.2;not_eaten
Exp1;1_7;7;24.5;10.4;10.4;not_eaten
Exp1;1_7;7;33.8;16.3;16.3;not_eaten
Exp1;1_7;7;23.1;0;9.6;not_eaten
Exp1;1_7;7;33.5;0;14.5;not_eaten
Exp1;1_7;7;18.9;3.5;7.5;not_eaten
Exp1;1_7;7;29.3;8.2;11.5;not_eaten
Exp1;1_7;7;29.3;13.1;13.1;not_eaten
Exp1;1_7;7;19.6;9;9;not_eaten
Exp1;1_7;7;30.4;12.5;13.7;not_eaten
Exp1;1_7;7;20;0;9.4;not_eaten
Exp1;1_7;7;20.3;10.4;9.9;not_eaten
Exp1;1_7;7;32.2;14.7;14.7;not_eaten
Exp1;1_7;7;17.4;0;7.5;not_eaten
Exp1;1_7;7;30.5;6;12.5;not_eaten
Exp1;1_7;7;20.8;10;10;not_eaten
Exp1;1_7;7;23.6;10.7;10.7;not_eaten
Exp1;1_7;7;17.6;0;7.9;not_eaten
Exp1;1_7;7;17.9;0;7.7;not_eaten
Exp1;1_7;7;21.5;11;11;not_eaten
Exp1;1_7;7;28.5;13.1;13.1;not_eaten
Exp1;1_7;7;29.1;13;13;not_eaten
Exp1;1_7;7;21.1;8.6;8.6;not_eaten
Exp1;1_7;7;32.4;7.5;14.4;not_eaten
Exp1;1_7;7;27.9;12.6;12.3;not_eaten
Exp1;1_7;7;29.1;12.5;12.5;not_eaten
Exp1;1_7;7;23.5;0;9.1;not_eaten
Exp1;1_7;7;25.1;0;10;not_eaten
Exp1;1_7;7;19;0;8.2;not_eaten
Exp1;1_7;7;28.3;0;12.1;not_eaten
Exp1;1_7;7;21.5;8;9.5;not_eaten
Exp1;1_7;7;24.6;9.3;9.3;not_eaten
Exp1;1_7;7;20.1;7.8;8.5;eaten
Exp1;1_7;7;20.9;8.3;9.7;eaten
Exp1;1_7;7;18.2;0;8.1;eaten
Exp1;1_7;7;19.2;5.2;8.5;eaten
Exp1;1_7;7;28.8;0;11.6;eaten
Exp1;1_7;7;27.9;0;11.7;eaten
Exp1;1_7;7;20.4;9.5;9.5;eaten
Exp1;1_7;7;22;10.8;10.8;eaten
Exp1;1_7;7;28;0;10.4;eaten
Exp1;1_7;7;16.7;5.7;7.5;eaten
Exp1;1_7;7;16.6;0;7.9;eaten
Exp1;1_8;8;35.8;0;16.2;not_eaten
Exp1;1_8;8;20.3;8.6;9.3;not_eaten
Exp1;1_8;8;35.2;12.4;16;not_eaten
Exp1;1_8;8;27.2;12.1;12.1;not_eaten
Exp1;1_8;8;31;15;16;not_eaten
Exp1;1_8;8;34.9;8.9;16;not_eaten
Exp1;1_8;8;33.2;16.1;16.3;not_eaten
Exp1;1_8;8;20.5;10.2;10.2;not_eaten
Exp1;1_8;8;23.6;10.4;10.4;not_eaten
Exp1;1_8;8;29.8;13.2;14.2;not_eaten
Exp1;1_8;8;29.9;11.9;12.4;not_eaten
Exp1;1_8;8;31.9;11.9;13.5;not_eaten
Exp1;1_8;8;19.5;8;9.2;not_eaten
Exp1;1_8;8;35.3;11;15.7;not_eaten
Exp1;1_8;8;28.2;11.7;11.7;not_eaten
Exp1;1_8;8;29;13.8;13.5;not_eaten
Exp1;1_8;8;18;0;8;not_eaten
Exp1;1_8;8;19.7;9;9;not_eaten
Exp1;1_8;8;21.4;8.7;8.7;not_eaten
Exp1;1_8;8;20.4;9.5;9.3;not_eaten
Exp1;1_8;8;33.2;13.8;16;not_eaten
Exp1;1_8;8;20.9;8.3;8.3;not_eaten
Exp1;1_8;8;29.5;0;13.5;not_eaten
Exp1;1_8;8;18.9;8.4;8.4;not_eaten
Exp1;1_8;8;27.7;11.6;11.6;not_eaten
Exp1;1_8;8;15.6;0;7;not_eaten
Exp1;1_8;8;25.2;11.2;11;not_eaten
Exp1;1_8;8;29.2;14;14;not_eaten
Exp1;1_8;8;32.1;0;12.5;not_eaten
Exp1;1_8;8;20.2;9.5;9.5;not_eaten
Exp1;1_8;8;24;10.7;10.7;not_eaten
Exp1;1_8;8;20.7;5.3;9.3;not_eaten
Exp1;1_8;8;20.7;9.3;9.3;not_eaten
Exp1;1_8;8;32.1;12.8;13.5;not_eaten
Exp1;1_8;8;28.3;12.8;12.8;not_eaten
Exp1;1_8;8;27.7;11.1;12.2;not_eaten
Exp1;1_8;8;32.6;0;13;not_eaten
Exp1;1_8;8;31.1;15.2;15;not_eaten
Exp1;1_8;8;21.4;7.6;9.3;not_eaten
Exp1;1_8;8;19.6;0;7.5;not_eaten
Exp1;1_8;8;29.6;0;13;not_eaten
Exp1;1_8;8;32.1;0;14.5;not_eaten
Exp1;1_8;8;18.1;7.3;7.2;not_eaten
Exp1;1_8;8;23.8;11.2;11.2;not_eaten
Exp1;1_8;8;30.7;14.1;14.1;not_eaten
Exp1;1_8;8;21.1;7.5;9;not_eaten
Exp1;1_8;8;32.9;0;16;not_eaten
Exp1;1_8;8;30.5;0;12.2;not_eaten
Exp1;1_8;8;29.4;12.2;12.2;not_eaten
Exp1;1_8;8;31.1;0;15.2;not_eaten
Exp1;1_8;8;32;0;15.3;not_eaten
Exp1;1_8;8;31.7;13.7;13.7;not_eaten
Exp1;1_8;8;24.1;11.1;11.1;not_eaten
Exp1;1_8;8;19.3;0;9.5;not_eaten
Exp1;1_8;8;32.3;13.7;15;not_eaten
Exp1;1_8;8;27.6;9.3;10.5;not_eaten
Exp1;1_8;8;27.3;11.3;11.5;not_eaten
Exp1;1_8;8;21.6;9.3;9.5;not_eaten
Exp1;1_8;8;29.1;13.3;14.1;not_eaten
Exp1;1_8;8;17.1;0;7.5;eaten
Exp1;1_8;8;19;0;8.7;eaten
Exp1;1_8;8;18.6;0;8.5;eaten
Exp1;1_8;8;20.3;0;8.5;eaten
Exp1;1_8;8;18.6;0;8.3;eaten
Exp1;1_8;8;28.4;0;11.2;eaten
Exp1;1_8;8;20.2;4.4;7.6;eaten
Exp1;1_8;8;27.1;0;10.8;eaten
Exp1;1_8;8;31;0;12.7;eaten
Exp1;1_8;8;30.9;0;13.4;eaten
Exp1;1_9;9;32.3;14.5;15.4;not_eaten
Exp1;1_9;9;30.3;0;12.1;not_eaten
Exp1;1_9;9;22.1;7.4;9.5;not_eaten
Exp1;1_9;9;19.1;0;7.8;not_eaten
Exp1;1_9;9;27.4;12.2;12.2;not_eaten
Exp1;1_9;9;31.6;14.4;14.9;not_eaten
Exp1;1_9;9;23.8;10.8;10.8;not_eaten
Exp1;1_9;9;20.2;0;7.5;not_eaten
Exp1;1_9;9;25.4;12.1;11.6;not_eaten
Exp1;1_9;9;32.8;0;14.2;not_eaten
Exp1;1_9;9;18.8;5.8;7.5;not_eaten
Exp1;1_9;9;26.2;11.5;11.5;not_eaten
Exp1;1_9;9;31.4;15.2;15.2;not_eaten
Exp1;1_9;9;21.4;0;7.3;not_eaten
Exp1;1_9;9;17.7;0;8;not_eaten
Exp1;1_9;9;33.6;13.2;15.2;not_eaten
Exp1;1_9;9;25.5;10.5;10.8;not_eaten
Exp1;1_9;9;26.9;0;10;not_eaten
Exp1;1_9;9;33.6;16;16;not_eaten
Exp1;1_9;9;33.3;0;13.2;not_eaten
Exp1;1_9;9;28.8;0;11.7;not_eaten
Exp1;1_9;9;28.4;5.5;10.2;not_eaten
Exp1;1_9;9;19.6;0;8.5;not_eaten
Exp1;1_9;9;19.6;3.5;8.1;not_eaten
Exp1;1_9;9;26.7;10.1;11.5;not_eaten
Exp1;1_9;9;32.8;8.5;14.2;not_eaten
Exp1;1_9;9;17.6;8.7;8.7;not_eaten
Exp1;1_9;9;28.7;11.2;12.3;not_eaten
Exp1;1_9;9;23.9;10;10;not_eaten
Exp1;1_9;9;23.4;11.2;11.2;not_eaten
Exp1;1_9;9;15.7;2.7;6;not_eaten
Exp1;1_9;9;34.5;0;14.2;not_eaten
Exp1;1_9;9;30.9;0;13.1;not_eaten
Exp1;1_9;9;34.1;0;14.5;not_eaten
Exp1;1_9;9;19.5;3.3;7.8;not_eaten
Exp1;1_9;9;33.2;0;14.5;not_eaten
Exp1;1_9;9;23.3;11.1;11.5;not_eaten
Exp1;1_9;9;31.3;13.7;13.7;not_eaten
Exp1;1_9;9;28.4;0;12.3;not_eaten
Exp1;1_9;9;25.9;11.5;11.5;not_eaten
Exp1;1_9;9;18.8;6.2;7.5;not_eaten
Exp1;1_9;9;32.9;16;16;not_eaten
Exp1;1_9;9;35.1;0;15.2;not_eaten
Exp1;1_9;9;32.9;0;12.6;not_eaten
Exp1;1_9;9;17.1;4.5;7.2;not_eaten
Exp1;1_9;9;34.5;13.3;15.7;not_eaten
Exp1;1_9;9;28.4;11.5;12.6;not_eaten
Exp1;1_9;9;18.7;3.7;8.2;not_eaten
Exp1;1_9;9;17.8;7.3;7.4;not_eaten
Exp1;1_9;9;24.7;10;10.6;not_eaten
Exp1;1_9;9;29.6;0;13;not_eaten
Exp1;1_9;9;19.9;0;7;not_eaten
Exp1;1_9;9;29.2;13;13;not_eaten
Exp1;1_9;9;24.2;0;9;not_eaten
Exp1;1_9;9;21.4;0;8.1;not_eaten
Exp1;1_9;9;23.1;9.7;9.6;not_eaten
Exp1;1_9;9;19;9.5;9.5;not_eaten
Exp1;1_9;9;19.3;0;7.9;not_eaten
Exp1;1_9;9;31.2;13;13;not_eaten
Exp1;1_9;9;25.8;11.5;11.2;not_eaten
Exp1;1_9;9;19.2;7.8;7.8;not_eaten
Exp1;1_9;9;28.5;0;11.2;not_eaten
Exp1;1_9;9;19.9;8.9;8.9;not_eaten
Exp1;1_9;9;18.2;0;7.8;not_eaten
Exp1;1_9;9;28;12.5;12.5;not_eaten
Exp1;1_9;9;28.8;11.2;13.2;not_eaten
Exp1;1_9;9;19.2;0;7.8;not_eaten
Exp1;1_9;9;16;0;6.6;not_eaten
Exp1;1_9;9;31.5;11.5;15.2;not_eaten
Exp1;1_9;9;26.2;11.3;12;not_eaten
Exp1;1_9;9;21.9;10.1;10.2;not_eaten
Exp1;1_9;9;23.3;6.4;9.7;not_eaten
Exp1;1_9;9;27.8;0;11.3;not_eaten
Exp1;1_9;9;28.6;7.5;12.4;not_eaten
Exp1;1_9;9;32.9;11.4;14;not_eaten
Exp1;1_9;9;21.2;0;7.9;not_eaten
Exp1;1_9;9;19.5;0;7.5;not_eaten
Exp1;1_9;9;20.3;6.6;8.1;not_eaten
Exp1;1_9;9;20.8;0;9;eaten
Exp1;1_9;9;18.5;5.2;7.5;eaten
Exp1;1_9;9;27.8;12.7;13.2;eaten
Exp1;1_9;9;37.9;0;17.5;eaten
Exp1;1_9;9;30.7;0;14.7;eaten
Exp2;2_1;1;31.2;13.7;13.7;not_eaten
Exp2;2_1;1;36.5;0;16.3;not_eaten
Exp2;2_1;1;37.9;0;16.5;not_eaten
Exp2;2_1;1;26.2;0;11.5;not_eaten
Exp2;2_1;1;33.3;0;14.1;not_eaten
Exp2;2_1;1;20.1;0;8.2;not_eaten
Exp2;2_1;1;24.3;11.1;11.1;not_eaten
Exp2;2_1;1;27.6;12.4;12.4;not_eaten
Exp2;2_1;1;29.4;12.6;12.6;not_eaten
Exp2;2_1;1;25;11.3;11.3;not_eaten
Exp2;2_1;1;27.6;0;12.4;not_eaten
Exp2;2_1;1;33.2;16.2;16.2;not_eaten
Exp2;2_1;1;27.6;0;13;not_eaten
Exp2;2_1;1;17.5;3.9;6.7;not_eaten
Exp2;2_1;1;20.5;0;8.6;not_eaten
Exp2;2_1;1;21.2;0;8.6;not_eaten
Exp2;2_1;1;19.3;9.3;9.3;not_eaten
Exp2;2_1;1;20;8.5;9.6;not_eaten
Exp2;2_1;1;24.8;0;10.4;not_eaten
Exp2;2_1;1;22;9.4;9.4;not_eaten
Exp2;2_1;1;17.3;7.3;7.3;not_eaten
Exp2;2_1;1;21.1;0;9.1;not_eaten
Exp2;2_1;1;18.7;0;7.5;eaten
Exp2;2_1;1;26.1;0;11.9;eaten
Exp2;2_2;2;32.2;0;14.4;not_eaten
Exp2;2_2;2;29.9;13.3;13.3;not_eaten
Exp2;2_2;2;25.7;4.8;11.6;not_eaten
Exp2;2_2;2;20.8;9;9;not_eaten
Exp2;2_2;2;29.2;0;13.4;not_eaten
Exp2;2_2;2;20.2;8.6;8.6;not_eaten
Exp2;2_2;2;29.3;0;13.6;not_eaten
Exp2;2_2;2;35.7;6;15.2;not_eaten
Exp2;2_2;2;26.1;11.5;11.5;not_eaten
Exp2;2_2;2;19.3;0;8.1;not_eaten
Exp2;2_2;2;23.8;0;10;not_eaten
Exp2;2_2;2;29.5;8.7;11.6;not_eaten
Exp2;2_2;2;25.7;10.7;11.4;not_eaten
Exp2;2_2;2;20.5;9.3;9.3;not_eaten
Exp2;2_2;2;16.3;7.5;7.3;not_eaten
Exp2;2_2;2;22.8;10.3;10.3;not_eaten
Exp2;2_2;2;15.9;7.2;7.2;not_eaten
Exp2;2_2;2;23.2;0;10.2;not_eaten
Exp2;2_2;2;15.5;4;6.7;not_eaten
Exp2;2_2;2;34;6;13.8;eaten
Exp2;2_2;2;18.7;0;8;eaten
Exp2;2_3;3;20.5;0;9.5;not_eaten
Exp2;2_3;3;23.1;0;10.2;not_eaten
Exp2;2_3;3;34.4;14.2;14.2;not_eaten
Exp2;2_3;3;27.8;0;11.5;not_eaten
Exp2;2_3;3;25.2;12.2;12.2;not_eaten
Exp2;2_3;3;28.6;13.2;13.2;not_eaten
Exp2;2_3;3;24.2;11.4;11.4;not_eaten
Exp2;2_3;3;24.2;0;10.9;not_eaten
Exp2;2_3;3;37;8.5;16.7;not_eaten
Exp2;2_3;3;21.8;11.5;11.5;not_eaten
Exp2;2_3;3;30.3;6;15;not_eaten
Exp2;2_3;3;14.1;0;5.6;not_eaten
Exp2;2_3;3;35.4;0;14.9;not_eaten
Exp2;2_3;3;28.3;12.1;13.1;not_eaten
Exp2;2_3;3;19;0;8.6;not_eaten
Exp2;2_3;3;20;9.6;9.6;not_eaten
Exp2;2_3;3;21.9;0;9.7;eaten
Exp2;2_3;3;29.1;5.6;13.1;eaten
Exp2;2_3;3;20.5;6.8;9.1;eaten
Exp2;2_3;3;26.4;12.8;12.8;eaten
Exp2;2_3;3;30.5;10.5;13;eaten
Exp2;2_3;3;17.1;7.7;7.7;eaten
Exp2;2_3;3;18.9;0;8.5;eaten
Exp2;2_3;3;14.7;3.7;6.2;eaten
Exp2;2_4;4;31.6;6.9;16.1;not_eaten
Exp2;2_4;4;31.9;0;14;not_eaten
Exp2;2_4;4;29.4;13.8;13.8;not_eaten
Exp2;2_4;4;34.2;0;14.9;not_eaten
Exp2;2_4;4;22.2;5.4;10.1;not_eaten
Exp2;2_4;4;16.4;7.8;7.8;not_eaten
Exp2;2_4;4;28.3;13.5;13.5;not_eaten
Exp2;2_4;4;29.9;0;12.6;not_eaten
Exp2;2_4;4;20;8.1;8.1;not_eaten
Exp2;2_4;4;26.2;0;12;not_eaten
Exp2;2_4;4;16.9;7.3;7.3;not_eaten
Exp2;2_4;4;19.5;0;8.5;not_eaten
Exp2;2_4;4;26.3;0;11.8;not_eaten
Exp2;2_4;4;33.4;0;16;not_eaten
Exp2;2_4;4;18.9;0;7.8;not_eaten
Exp2;2_4;4;20.2;9.5;9.5;not_eaten
Exp2;2_4;4;19.6;0;7.9;not_eaten
Exp2;2_4;4;16.4;7.2;7.2;not_eaten
Exp2;2_4;4;25.9;0;11.4;eaten
Exp2;2_4;4;22.1;10.7;10.7;eaten
Exp2;2_4;4;27.1;12.1;12.1;eaten
Exp2;2_4;4;24;10.5;11.2;eaten
Exp2;2_4;4;25.9;8.5;11.3;eaten
Exp2;2_5;5;26.9;9.8;10.7;not_eaten
Exp2;2_5;5;30.2;15.2;15.2;not_eaten
Exp2;2_5;5;16.5;0;7.1;not_eaten
Exp2;2_5;5;29.9;13;13;not_eaten
Exp2;2_5;5;31.6;0;14.5;not_eaten
Exp2;2_5;5;35.6;10;16.2;not_eaten
Exp2;2_5;5;26.1;11.5;11.5;not_eaten
Exp2;2_5;5;16.9;8.1;7.7;not_eaten
Exp2;2_5;5;23.8;11.8;11.8;not_eaten
Exp2;2_5;5;24;0;9.8;not_eaten
Exp2;2_5;5;18.7;0;8.7;not_eaten
Exp2;2_5;5;36.7;0;15.2;not_eaten
Exp2;2_5;5;31.3;5.5;13.7;not_eaten
Exp2;2_5;5;28.8;0;12.6;not_eaten
Exp2;2_5;5;20.4;0;8.4;not_eaten
Exp2;2_5;5;18.2;7.8;7.8;not_eaten
Exp2;2_5;5;20.4;8.6;8.5;not_eaten
Exp2;2_5;5;21.9;9.5;10;not_eaten
Exp2;2_5;5;17.6;8.9;8.9;not_eaten
Exp2;2_5;5;26.2;0;10.7;not_eaten
Exp2;2_5;5;20.5;0;8.6;not_eaten
Exp2;2_5;5;22.7;0;10.2;not_eaten
Exp2;2_5;5;20.7;0;9.5;eaten
Exp2;2_5;5;22.7;10.3;10.3;eaten
Exp2;2_5;5;26.5;0;11.3;eaten
Exp2;2_6;6;34.3;0;15.1;not_eaten
Exp2;2_6;6;32.9;15.3;15.3;not_eaten
Exp2;2_6;6;38;0;15.7;not_eaten
Exp2;2_6;6;29.4;0;13;not_eaten
Exp2;2_6;6;27.5;0;12.4;not_eaten
Exp2;2_6;6;31;0;12.4;not_eaten
Exp2;2_6;6;26.8;0;11.9;not_eaten
Exp2;2_6;6;19.9;8.3;8.8;not_eaten
Exp2;2_6;6;19.1;9.3;9.3;not_eaten
Exp2;2_6;6;17.5;0;7.6;not_eaten
Exp2;2_6;6;19.4;0;8.1;not_eaten
Exp2;2_6;6;27;10.5;12.1;not_eaten
Exp2;2_6;6;20.4;9;9;not_eaten
Exp2;2_6;6;16.7;7.7;7.7;not_eaten
Exp2;2_6;6;25.1;7.5;11;not_eaten
Exp2;2_6;6;23.3;11;11.1;not_eaten
Exp2;2_6;6;22.4;10.1;10.1;not_eaten
Exp2;2_6;6;23;9.4;9.7;eaten
Exp2;2_6;6;23.3;0;11.5;eaten
Exp2;2_6;6;21.8;9;9.7;eaten
Exp2;2_6;6;22.8;0;10.2;eaten
Exp2;2_6;6;20.8;0;8.5;eaten
Exp2;2_7;7;26.4;10.2;11.6;not_eaten
Exp2;2_7;7;26.5;11.3;11.3;not_eaten
Exp2;2_7;7;29.1;13.7;14.2;not_eaten
Exp2;2_7;7;36.5;7;17;not_eaten
Exp2;2_7;7;25.2;5.5;9.3;not_eaten
Exp2;2_7;7;34.2;0;15;not_eaten
Exp2;2_7;7;30.7;0;14.5;not_eaten
Exp2;2_7;7;16.2;7.1;7.1;not_eaten
Exp2;2_7;7;30.8;0;14.6;not_eaten
Exp2;2_7;7;28;13.9;13.9;not_eaten
Exp2;2_7;7;25.7;0;10.8;not_eaten
Exp2;2_7;7;24.1;0;10.4;not_eaten
Exp2;2_7;7;31.7;0;13.7;not_eaten
Exp2;2_7;7;24.1;7.8;10.6;not_eaten
Exp2;2_7;7;20.1;9.2;9.2;not_eaten
Exp2;2_7;7;19.2;0;8.1;eaten
Exp2;2_7;7;17.9;0;7.2;eaten
Exp2;2_7;7;20.5;9.1;9.1;eaten
Exp2;2_7;7;30.2;0;12.2;eaten
Exp2;2_7;7;20.5;6.3;9.6;eaten
Exp2;2_7;7;15.9;7.7;7.7;eaten
Exp2;2_7;7;15.7;7.1;7.1;eaten
Exp2;2_8;8;34.2;0;13.9;not_eaten
Exp2;2_8;8;23.2;11;11;not_eaten
Exp2;2_8;8;30.8;0;13.7;not_eaten
Exp2;2_8;8;29.6;0;13.2;not_eaten
Exp2;2_8;8;37.3;0;16.3;not_eaten
Exp2;2_8;8;25.6;11.9;11.9;not_eaten
Exp2;2_8;8;21.2;9.9;9.9;not_eaten
Exp2;2_8;8;27.7;0;12.4;not_eaten
Exp2;2_8;8;30.1;13.5;13.5;not_eaten
Exp2;2_8;8;27.8;12.2;12.2;not_eaten
Exp2;2_8;8;19.7;0;9;not_eaten
Exp2;2_8;8;17.6;7.7;7.7;not_eaten
Exp2;2_8;8;29.3;6;12.6;not_eaten
Exp2;2_8;8;28;14.3;14.3;not_eaten
Exp2;2_8;8;32.2;0;13.1;not_eaten
Exp2;2_8;8;20.1;0;8.7;not_eaten
Exp2;2_8;8;20.8;4.5;8.7;not_eaten
Exp2;2_8;8;19.7;8;8.9;not_eaten
Exp2;2_8;8;24.2;0;10.2;not_eaten
Exp2;2_8;8;14.2;2.9;5.1;not_eaten
Exp2;2_8;8;22.7;9.6;9.6;not_eaten
Exp2;2_8;8;18.1;0;8.3;not_eaten
Exp2;2_8;8;21;0;9;eaten
Exp2;2_8;8;21;0;9.1;eaten
Exp2;2_9;9;18.8;8.3;8.3;not_eaten
Exp2;2_9;9;24.5;9.3;11;not_eaten
Exp2;2_9;9;29.9;0;12.8;not_eaten
Exp2;2_9;9;18.6;8.3;8.3;not_eaten
Exp2;2_9;9;21.4;9.5;9.5;not_eaten
Exp2;2_9;9;27.7;11.5;11.5;not_eaten
Exp2;2_9;9;36;0;17.1;not_eaten
Exp2;2_9;9;36.2;0;16;not_eaten
Exp2;2_9;9;30.8;12;13.3;not_eaten
Exp2;2_9;9;28.4;13.6;13.6;not_eaten
Exp2;2_9;9;25.1;12.4;12.4;not_eaten
Exp2;2_9;9;14.6;6.8;6.8;not_eaten
Exp2;2_9;9;17.6;0;7.9;not_eaten
Exp2;2_9;9;29;13.6;13.6;not_eaten
Exp2;2_9;9;25.3;12.2;12.2;not_eaten
Exp2;2_9;9;20.1;8.9;8.9;not_eaten
Exp2;2_9;9;21.5;10;10;not_eaten
Exp2;2_9;9;18.5;0;8.8;eaten
Exp2;2_9;9;22.8;0;9.8;eaten
Exp2;2_9;9;23.3;0;10.7;eaten
Exp2;2_9;9;30.3;0;14.1;eaten
Exp2;2_9;9;29.6;0;12.3;eaten
Exp2;2_9;9;16.2;0;7.1;eaten
Exp3;3_1;1;30.8;14.5;14.9;not_eaten
Exp3;3_1;1;25.4;0;10.4;not_eaten
Exp3;3_1;1;31.5;13.7;13.7;not_eaten
Exp3;3_1;1;21.5;10.4;10.4;not_eaten
Exp3;3_1;1;25.7;0;10.5;not_eaten
Exp3;3_1;1;30.5;0;13.8;not_eaten
Exp3;3_1;1;19.9;5.6;8.6;not_eaten
Exp3;3_1;1;19.1;0;8.5;not_eaten
Exp3;3_1;1;33.7;10.3;15.6;not_eaten
Exp3;3_1;1;22.6;0;9.9;not_eaten
Exp3;3_1;1;28.5;0;12.4;not_eaten
Exp3;3_1;1;21.7;0;9.6;not_eaten
Exp3;3_1;1;23.3;0;10.1;not_eaten
Exp3;3_1;1;25.7;0;10.4;not_eaten
Exp3;3_1;1;16.8;0;7.6;eaten
Exp3;3_1;1;25.3;12.2;12.2;eaten
Exp3;3_1;1;28;0;11.2;eaten
Exp3;3_1;1;24.6;0;11.2;eaten
Exp3;3_1;1;22.4;10.1;10.1;eaten
Exp3;3_1;1;33.9;0;15.6;eaten
Exp3;3_1;1;32.5;15.1;15.1;eaten
Exp3;3_1;1;21.1;9.8;9.8;eaten
Exp3;3_1;1;20.9;10.2;10.2;eaten
Exp3;3_1;1;32.1;0;15.2;eaten
Exp3;3_2;2;30.3;12.6;12.6;not_eaten
Exp3;3_2;2;31.9;9.9;16;not_eaten
Exp3;3_2;2;30.3;14;14;not_eaten
Exp3;3_2;2;27.1;12.4;12.4;not_eaten
Exp3;3_2;2;31.1;12.2;13.5;not_eaten
Exp3;3_2;2;26.5;12.5;12.5;not_eaten
Exp3;3_2;2;28.4;0;11.8;not_eaten
Exp3;3_2;2;27.1;12.5;13;not_eaten
Exp3;3_2;2;24.1;11.2;11.2;not_eaten
Exp3;3_2;2;20.2;9;9;not_eaten
Exp3;3_2;2;18.4;8.7;8.7;not_eaten
Exp3;3_2;2;30.5;0;13.6;not_eaten
Exp3;3_2;2;21;9.3;9.3;not_eaten
Exp3;3_2;2;25.2;0;10.9;not_eaten
Exp3;3_2;2;26.1;11.7;11.7;not_eaten
Exp3;3_2;2;33.8;0;15.3;not_eaten
Exp3;3_2;2;25.5;0;12.8;eaten
Exp3;3_2;2;24.9;0;10.5;eaten
Exp3;3_2;2;22.6;0;9.5;eaten
Exp3;3_2;2;19.1;0;8.3;eaten
Exp3;3_2;2;34.6;0;17.1;eaten
Exp3;3_2;2;23.7;0;11.1;eaten
Exp3;3_2;2;19.2;0;8.6;eaten
Exp3;3_2;2;24.8;9;11;eaten
Exp3;3_2;2;18.4;0;8.3;eaten
Exp3;3_3;3;23.9;0;11.6;not_eaten
Exp3;3_3;3;27.6;6.5;13;not_eaten
Exp3;3_3;3;37.4;16.5;18;not_eaten
Exp3;3_3;3;28.8;0;11.7;not_eaten
Exp3;3_3;3;32;0;13.1;not_eaten
Exp3;3_3;3;32.8;15;15;not_eaten
Exp3;3_3;3;29.7;0;13.8;not_eaten
Exp3;3_3;3;31.1;14.2;14.2;not_eaten
Exp3;3_3;3;28.3;0;12.5;not_eaten
Exp3;3_3;3;18.1;8;8.6;not_eaten
Exp3;3_3;3;24.5;9.1;10.2;not_eaten
Exp3;3_3;3;25;0;11.3;not_eaten
Exp3;3_3;3;32.3;12.5;14;not_eaten
Exp3;3_3;3;26.3;0;11.6;not_eaten
Exp3;3_3;3;24.2;10.7;10.7;not_eaten
Exp3;3_3;3;35.3;0;15.8;not_eaten
Exp3;3_3;3;26.7;8.5;11.2;not_eaten
Exp3;3_3;3;20.6;9;9;eaten
Exp3;3_3;3;16.2;0;7.1;eaten
Exp3;3_3;3;18.1;0;7.9;eaten
Exp3;3_3;3;19.1;3.5;8.8;eaten
Exp3;3_3;3;24.3;0;10.9;eaten
Exp3;3_3;3;24.6;0;10.2;eaten
Exp3;3_4;4;36.5;16.4;16.4;not_eaten
Exp3;3_4;4;33.4;0;14.7;not_eaten
Exp3;3_4;4;35.7;0;14.9;not_eaten
Exp3;3_4;4;24.9;6;10.6;not_eaten
Exp3;3_4;4;27.1;12.2;12.2;not_eaten
Exp3;3_4;4;27;12.8;12.8;not_eaten
Exp3;3_4;4;25.3;6.5;11.4;not_eaten
Exp3;3_4;4;29.9;13.5;14.2;not_eaten
Exp3;3_4;4;33.6;0;14.6;not_eaten
Exp3;3_4;4;22.1;8.9;8.9;not_eaten
Exp3;3_4;4;17.6;8;8;not_eaten
Exp3;3_4;4;25.6;12.7;12.7;not_eaten
Exp3;3_4;4;21.4;9.3;9.3;not_eaten
Exp3;3_4;4;23;6;10;not_eaten
Exp3;3_4;4;19.3;0;8;not_eaten
Exp3;3_4;4;25.3;9.8;11.3;not_eaten
Exp3;3_4;4;22.4;8.2;10.3;eaten
Exp3;3_4;4;26.5;0;11.9;eaten
Exp3;3_4;4;16.9;0;7.2;eaten
Exp3;3_4;4;15.8;6.1;6.1;eaten
Exp3;3_4;4;26.5;6.2;11.1;eaten
Exp3;3_4;4;31.3;0;14.3;eaten
Exp3;3_4;4;25.5;0;11.9;eaten
Exp3;3_4;4;29.8;12.9;12.9;eaten
Exp3;3_5;5;15.4;0;6.5;not_eaten
Exp3;3_5;5;29.8;13.3;13.3;not_eaten
Exp3;3_5;5;24.2;9.6;12.2;not_eaten
Exp3;3_5;5;18.3;8.5;8.5;not_eaten
Exp3;3_5;5;28;0;13;not_eaten
Exp3;3_5;5;29.4;12.7;12.7;not_eaten
Exp3;3_5;5;29.3;13.3;13.3;not_eaten
Exp3;3_5;5;29.8;11.9;12.9;not_eaten
Exp3;3_5;5;25.6;0;12.1;not_eaten
Exp3;3_5;5;21.6;7.8;9.4;not_eaten
Exp3;3_5;5;30.9;12.1;14.3;not_eaten
Exp3;3_5;5;14.5;0;6.9;not_eaten
Exp3;3_5;5;24.1;0;11.7;not_eaten
Exp3;3_5;5;31.1;0;12.1;not_eaten
Exp3;3_5;5;26.7;11.6;11.4;not_eaten
Exp3;3_5;5;29.2;0;12.3;not_eaten
Exp3;3_5;5;18.1;8.2;8.2;not_eaten
Exp3;3_5;5;31;0;13.8;eaten
Exp3;3_5;5;24.2;0;10.5;eaten
Exp3;3_5;5;17.6;0;8;eaten
Exp3;3_5;5;28.3;4.8;11.5;eaten
Exp3;3_5;5;30.9;0;13.3;eaten
Exp3;3_6;6;34.8;0;14.7;not_eaten
Exp3;3_6;6;32.2;14.2;14.2;not_eaten
Exp3;3_6;6;31.1;14.5;14.5;not_eaten
Exp3;3_6;6;28.4;13.7;13.7;not_eaten
Exp3;3_6;6;23.2;0;10.5;not_eaten
Exp3;3_6;6;32.1;14.6;14.6;not_eaten
Exp3;3_6;6;29.1;13.5;13.5;not_eaten
Exp3;3_6;6;28.5;12.6;12.6;not_eaten
Exp3;3_6;6;28.4;0;11.3;not_eaten
Exp3;3_6;6;24.9;10.8;10.8;not_eaten
Exp3;3_6;6;30.3;0;13.3;not_eaten
Exp3;3_6;6;33.4;0;13.9;not_eaten
Exp3;3_6;6;26.1;10.9;11.5;not_eaten
Exp3;3_6;6;14.9;5.8;5.8;not_eaten
Exp3;3_6;6;22.4;7;10.2;not_eaten
Exp3;3_6;6;22.8;8.5;9.9;not_eaten
Exp3;3_6;6;15.2;7.1;7.1;not_eaten
Exp3;3_6;6;26.5;0;12.3;not_eaten
Exp3;3_6;6;18.6;0;8.4;eaten
Exp3;3_6;6;19.4;9.2;8.9;eaten
Exp3;3_6;6;16.9;7.8;7.8;eaten
Exp3;3_6;6;27.4;0;11.7;eaten
Exp3;3_6;6;18.1;0;8;eaten
Exp3;3_7;7;31.5;14.1;14.1;not_eaten
Exp3;3_7;7;31.3;0;13.1;not_eaten
Exp3;3_7;7;24.7;0;11;not_eaten
Exp3;3_7;7;24.9;8;11;not_eaten
Exp3;3_7;7;21.2;9.8;9.8;not_eaten
Exp3;3_7;7;22.8;10.8;10.5;not_eaten
Exp3;3_7;7;26.1;12.2;11.6;not_eaten
Exp3;3_7;7;27.8;12.6;12.6;not_eaten
Exp3;3_7;7;21;6.9;6.9;not_eaten
Exp3;3_7;7;31.5;13.6;13.6;not_eaten
Exp3;3_7;7;28.8;0;11.8;not_eaten
Exp3;3_7;7;21.8;8.6;9.4;not_eaten
Exp3;3_7;7;18.4;0;7.9;not_eaten
Exp3;3_7;7;18.4;8.2;8.1;not_eaten
Exp3;3_7;7;31.3;0;14.1;not_eaten
Exp3;3_7;7;32.5;0;13.7;not_eaten
Exp3;3_7;7;24.7;0;11.9;not_eaten
Exp3;3_7;7;26.9;9.2;12.5;not_eaten
Exp3;3_7;7;32.4;16.3;16.3;not_eaten
Exp3;3_7;7;26.7;0;11.5;not_eaten
Exp3;3_7;7;16.1;0;7.3;eaten
Exp3;3_7;7;29.6;0;12.4;eaten
Exp3;3_7;7;18.7;0;8.5;eaten
Exp3;3_7;7;29.8;0;12.2;eaten
Exp3;3_8;8;34.8;0;14.4;not_eaten
Exp3;3_8;8;31;0;13.1;not_eaten
Exp3;3_8;8;17;0;7.2;not_eaten
Exp3;3_8;8;21;9.9;9.9;not_eaten
Exp3;3_8;8;29.1;6.2;12.8;not_eaten
Exp3;3_8;8;28.6;12.5;12.5;not_eaten
Exp3;3_8;8;30.8;13.9;13.9;not_eaten
Exp3;3_8;8;25.9;12.3;12.3;not_eaten
Exp3;3_8;8;18.9;8.8;8.8;not_eaten
Exp3;3_8;8;25.8;12;12;not_eaten
Exp3;3_8;8;29.6;12.9;12.9;not_eaten
Exp3;3_8;8;20.3;9;9;not_eaten
Exp3;3_8;8;32;14.9;14.9;not_eaten
Exp3;3_8;8;28;6;12.1;not_eaten
Exp3;3_8;8;15.7;6;7.2;not_eaten
Exp3;3_8;8;30.1;0;12.2;not_eaten
Exp3;3_8;8;31.2;0;14.2;eaten
Exp3;3_8;8;22.5;9;9.9;eaten
Exp3;3_8;8;21;5.5;9.8;eaten
Exp3;3_8;8;18.5;0;8.4;eaten
Exp3;3_8;8;22.9;0;10.4;eaten
Exp3;3_8;8;21.3;0;9.6;eaten
Exp3;3_8;8;25;0;11;eaten
Exp3;3_8;8;20.2;0;8.6;eaten
Exp3;3_9;9;29.5;11.4;13.9;not_eaten
Exp3;3_9;9;16.5;3;6.8;not_eaten
Exp3;3_9;9;23.2;5.1;10.5;not_eaten
Exp3;3_9;9;26;6.3;12.2;not_eaten
Exp3;3_9;9;34.8;0;13.8;not_eaten
Exp3;3_9;9;26.1;0;11.3;not_eaten
Exp3;3_9;9;22.3;10.4;10.4;not_eaten
Exp3;3_9;9;31.6;0;14.2;not_eaten
Exp3;3_9;9;21;9;9;not_eaten
Exp3;3_9;9;36;0;15.1;not_eaten
Exp3;3_9;9;26.8;0;11.7;not_eaten
Exp3;3_9;9;28.9;0;13.5;not_eaten
Exp3;3_9;9;34.8;15.1;15.1;not_eaten
Exp3;3_9;9;22;0;9.8;not_eaten
Exp3;3_9;9;31.8;13.5;13.5;not_eaten
Exp3;3_9;9;28.3;11.8;12.2;not_eaten
Exp3;3_9;9;23.3;11.2;11.2;not_eaten
Exp3;3_9;9;27.3;12;13.6;not_eaten
Exp3;3_9;9;18.3;7.5;7.8;eaten
Exp3;3_9;9;17;0;7.1;eaten
Exp3;3_9;9;20.1;0;8.6;eaten
Exp3;3_9;9;20.5;3.5;9.2;eaten
Exp3;3_9;9;23.3;10.7;10.7;eaten
Exp3;3_9;9;21.9;10;10;eaten
