Site;Dyn;L;a;l;Opennes
Youzhnaya_guba_Kosa;6.042;18.3;8;9;Exposed
Youzhnaya_guba_Kosa;8.079;19.9;7.5;8.5;Exposed
Youzhnaya_guba_Kosa;0;19.6;6;8.3;Exposed
Youzhnaya_guba_Kosa;3.513;17.2;7;7.5;Exposed
Youzhnaya_guba_Kosa;0;18.6;0;7.5;Exposed
Youzhnaya_guba_Kosa;25.975;19.1;0;8.2;Exposed
Youzhnaya_guba_Kosa;0;18.9;6.8;7.7;Exposed
Youzhnaya_guba_Kosa;0;20.8;8.5;9.3;Exposed
Youzhnaya_guba_Kosa;6.465;18.5;7.7;7.7;Exposed
Youzhnaya_guba_Kosa;0;20.6;8;8;Exposed
Youzhnaya_guba_Kosa;0;19.8;7.6;8.3;Exposed
Youzhnaya_guba_Kosa;13.874;19.5;4.5;7.5;Exposed
Youzhnaya_guba_Kosa;16.806;25.5;4;10.5;Exposed
Youzhnaya_guba_Kosa;6.488;19.6;7.2;9;Exposed
Youzhnaya_guba_Kosa;8.59;23.8;9;10.2;Exposed
Youzhnaya_guba_Kosa;5.514;20.3;9.6;9.8;Exposed
Youzhnaya_guba_Kosa;3.621;19.4;7.3;8;Exposed
Youzhnaya_guba_Kosa;7.397;20.5;8.4;9.3;Exposed
Youzhnaya_guba_Kosa;7.37;18.4;7.5;7.8;Exposed
Youzhnaya_guba_Kosa;8.241;16.7;4.4;7.1;Exposed
Youzhnaya_guba_Kosa;3.8;19.2;7.9;8.5;Exposed
Youzhnaya_guba_Kosa;NA;NA;NA;NA;Exposed
Youzhnaya_guba_Kosa;0.101;19.5;8.8;8.5;Exposed
Youzhnaya_guba_Kosa;7.296;18.5;4.5;7.4;Exposed
Youzhnaya_guba_Kosa;7.851;27.3;0;10.5;Exposed
Youzhnaya_guba_Kosa;1.295;12.7;0;7.3;Exposed
Youzhnaya_guba_Kosa;17.537;19;0;7.5;Exposed
Youzhnaya_guba_Kosa;8.221;22;6;8.4;Exposed
Youzhnaya_guba_Kosa;30.353;18.1;0;7.2;Exposed
Youzhnaya_guba_Kosa;22.939;27.7;8;11.1;Exposed
Youzhnaya_guba_Kosa;3.371;19.7;7;7.4;Exposed
Youzhnaya_guba_Kosa;29.075;26.6;6;10.5;Exposed
Youzhnaya_guba_Kosa;9.213;20.1;8.2;8.2;Exposed
Youzhnaya_guba_Kosa;4.282;22.2;9.5;9.5;Exposed
Youzhnaya_guba_Kosa;14.591;19.7;8;8;Exposed
Youzhnaya_guba_Kosa;10.247;16.9;4;6.2;Exposed
Youzhnaya_guba_Kosa;43.751;19;0;8.5;Exposed
Youzhnaya_guba_Kosa;28.148;22.7;5.8;9.2;Exposed
Youzhnaya_guba_Kosa;6.338;17.3;3.7;6;Exposed
Youzhnaya_guba_Kosa;7.89;22.1;9.2;10;Exposed
Youzhnaya_guba_Kut;10.08;26.6;0;11;Sheltered
Youzhnaya_guba_Kut;9.897;21.1;3.3;8.1;Sheltered
Youzhnaya_guba_Kut;2.455;31.5;5.7;13.8;Sheltered
Youzhnaya_guba_Kut;2.511;21.1;9;9;Sheltered
Youzhnaya_guba_Kut;0.207;23.4;8;10.5;Sheltered
Youzhnaya_guba_Kut;17.022;25.1;0;10.1;Sheltered
Youzhnaya_guba_Kut;0.102;26.9;11;12;Sheltered
Youzhnaya_guba_Kut;9.159;19.7;0;8;Sheltered
Youzhnaya_guba_Kut;28.646;30;9.5;12.2;Sheltered
Youzhnaya_guba_Kut;3.602;17;4.1;6.8;Sheltered
Youzhnaya_guba_Kut;7.486;24.3;4.5;10.2;Sheltered
Youzhnaya_guba_Kut;5.983;23.4;7.5;10.8;Sheltered
Youzhnaya_guba_Kut;5.016;21.3;6.4;8.8;Sheltered
Youzhnaya_guba_Kut;19.652;26.1;4.2;11.5;Sheltered
Youzhnaya_guba_Kut;7.636;22;4.9;8.5;Sheltered
Youzhnaya_guba_Kut;0;24.7;10.3;10.5;Sheltered
Youzhnaya_guba_Kut;0;22.3;5.6;8.6;Sheltered
Youzhnaya_guba_Kut;9.028;27.2;0;10.5;Sheltered
Youzhnaya_guba_Kut;32.955;29.4;8.5;13;Sheltered
Youzhnaya_guba_Kut;14.001;30.4;6.5;12.8;Sheltered
Youzhnaya_guba_Kut;18.255;24.3;4.1;9.5;Sheltered
Youzhnaya_guba_Kut;36.505;31.1;0;12.1;Sheltered
Youzhnaya_guba_Kut;5.906;23.6;0;8.9;Sheltered
Youzhnaya_guba_Kut;13.362;26.6;4.7;10.9;Sheltered
Youzhnaya_guba_Kut;22.835;19.4;4;7.6;Sheltered
Youzhnaya_guba_Kut;17.647;24.8;5.7;9.8;Sheltered
Youzhnaya_guba_Kut;0;18;0;6.5;Sheltered
Youzhnaya_guba_Kut;2.618;21.7;5.7;9.1;Sheltered
Youzhnaya_guba_Kut;8.562;30.5;0;10.8;Sheltered
Youzhnaya_guba_Kut;13.608;22.3;0;8.6;Sheltered
Youzhnaya_guba_Kut;14.658;26.4;0;11.3;Sheltered
Youzhnaya_guba_Kut;2.518;15.4;3.5;6.5;Sheltered
Youzhnaya_guba_Kut;9.103;23.8;5.5;9.7;Sheltered
Youzhnaya_guba_Kut;24.095;23.4;7;10.1;Sheltered
Youzhnaya_guba_Kut;6.563;18.2;0;6.5;Sheltered
Youzhnaya_guba_Kut;24.389;25;7.7;10.2;Sheltered
Youzhnaya_guba_Kut;7.772;20.9;8.7;9.2;Sheltered
Youzhnaya_guba_Kut;7.404;25.9;0;10.8;Sheltered
Youzhnaya_guba_Kut;8.335;24.7;4.5;9.8;Sheltered
Youzhnaya_guba_Kut;13.265;26.2;3.8;10.2;Sheltered
Severnaya_guba_Kosa;48.876;27.7;0;11.2;Exposed
Severnaya_guba_Kosa;31.793;31.6;0;13.2;Exposed
Severnaya_guba_Kosa;20.658;25.9;0;10.7;Exposed
Severnaya_guba_Kosa;65.158;30.7;7.5;13.2;Exposed
Severnaya_guba_Kosa;67.647;30.4;0;41.8;Exposed
Severnaya_guba_Kosa;30.872;26.9;0;10.5;Exposed
Severnaya_guba_Kosa;54.308;31.6;0;14.5;Exposed
Severnaya_guba_Kosa;4.205;26.9;0;10.7;Exposed
Severnaya_guba_Kosa;3.362;26;0;10.8;Exposed
Severnaya_guba_Kosa;13.782;24.5;5;10.6;Exposed
Severnaya_guba_Kosa;108.8;28.8;0;12.3;Exposed
Severnaya_guba_Kosa;4.849;26.6;0;11.2;Exposed
Severnaya_guba_Kosa;15.368;22.1;0;9.5;Exposed
Severnaya_guba_Kosa;28.704;19.5;0;8.1;Exposed
Severnaya_guba_Kosa;27.695;27.4;0;10.8;Exposed
Severnaya_guba_Kosa;44.763;28.6;0;13.1;Exposed
Severnaya_guba_Kosa;0;34.9;0;13;Exposed
Severnaya_guba_Kosa;0;33.6;0;12.7;Exposed
Severnaya_guba_Kosa;5.793;19.3;0;8.2;Exposed
Severnaya_guba_Kosa;15.752;20.2;0;7.5;Exposed
Severnaya_guba_Kosa;12.035;20.1;0;7.5;Exposed
Severnaya_guba_Kosa;30.716;22.8;0;9;Exposed
Severnaya_guba_Kosa;12.019;23.1;0;9.6;Exposed
Severnaya_guba_Kosa;29.991;27;0;10.2;Exposed
Severnaya_guba_Kosa;0;22.9;0;9.7;Exposed
Severnaya_guba_Kosa;41.568;21.4;0;8.7;Exposed
Severnaya_guba_Kosa;4.711;17.4;0;7;Exposed
Severnaya_guba_Kosa;14.651;24.8;0;10.1;Exposed
Severnaya_guba_Kosa;9.138;25.3;0;10.1;Exposed
Severnaya_guba_Kosa;27.256;17.7;0;8.2;Exposed
Severnaya_guba_Kosa;54.231;NA;0;10.1;Exposed
Severnaya_guba_Kosa;46.654;31.2;0;12.8;Exposed
Severnaya_guba_Kosa;5.013;17.9;0;6.7;Exposed
Severnaya_guba_Kosa;1.984;17.1;3.5;6.5;Exposed
Severnaya_guba_Kosa;4.896;14.2;3.2;8.5;Exposed
Severnaya_guba_Kosa;7.01;24.3;0;10.8;Exposed
Severnaya_guba_Kosa;14.776;19.5;4.9;7.6;Exposed
Severnaya_guba_Kosa;28.35;20.2;5.4;8.7;Exposed
Severnaya_guba_Kosa;6.744;22.3;0;8.2;Exposed
Severnaya_guba_Kosa;10.181;26;0;11.4;Exposed
severnaya_guba_Kut;16.771;26.2;10.6;11.7;Sheltered
severnaya_guba_Kut;25.611;26.8;4.8;11;Sheltered
severnaya_guba_Kut;48.332;29.3;0;13;Sheltered
severnaya_guba_Kut;10.801;20.3;9.8;9.4;Sheltered
severnaya_guba_Kut;1.66;22.9;6;10.5;Sheltered
severnaya_guba_Kut;8.965;25;10.2;11.3;Sheltered
severnaya_guba_Kut;20.041;25.1;0;10.5;Sheltered
severnaya_guba_Kut;0.94;17.7;9;7.4;Sheltered
severnaya_guba_Kut;7.25;18;0;9.5;Sheltered
severnaya_guba_Kut;4.814;15.1;4.6;7.5;Sheltered
severnaya_guba_Kut;12.238;23.1;0;8.4;Sheltered
severnaya_guba_Kut;0;26;11;11.3;Sheltered
severnaya_guba_Kut;0;17.7;0;7.5;Sheltered
severnaya_guba_Kut;42.374;28.2;0;11.5;Sheltered
severnaya_guba_Kut;43.884;33.5;0;13.5;Sheltered
severnaya_guba_Kut;0;34;0;14.8;Sheltered
severnaya_guba_Kut;27.413;32.6;0;13.8;Sheltered
severnaya_guba_Kut;16.012;20.8;5;8.5;Sheltered
severnaya_guba_Kut;0;28.3;0;12.4;Sheltered
severnaya_guba_Kut;21.249;25.4;0;10.5;Sheltered
severnaya_guba_Kut;4.983;31.2;0;13.5;Sheltered
severnaya_guba_Kut;37.87;29.7;0;10.5;Sheltered
severnaya_guba_Kut;4.921;19;0;7.8;Sheltered
severnaya_guba_Kut;18.867;18.2;0;7.6;Sheltered
severnaya_guba_Kut;25.474;25.4;0;10.2;Sheltered
severnaya_guba_Kut;4.988;17.3;0;6.7;Sheltered
severnaya_guba_Kut;21.399;18.4;0;6.2;Sheltered
severnaya_guba_Kut;NA;NA;NA;NA;Sheltered
severnaya_guba_Kut;9.09;17.7;0;6.8;Sheltered
severnaya_guba_Kut;12.213;13.5;0;9.3;Sheltered
severnaya_guba_Kut;13.104;18.2;0;7.2;Sheltered
severnaya_guba_Kut;53.916;27.9;0;11.5;Sheltered
severnaya_guba_Kut;6.308;14.2;0;5.2;Sheltered
severnaya_guba_Kut;46.278;23.2;0;9;Sheltered
severnaya_guba_Kut;16.801;20.3;3;8;Sheltered
severnaya_guba_Kut;28.031;28.9;0;11.7;Sheltered
severnaya_guba_Kut;81.203;26.1;0;11.5;Sheltered
severnaya_guba_Kut;17.911;27.5;0;12;Sheltered
severnaya_guba_Kut;20.291;18.7;0;6.5;Sheltered
severnaya_guba_Kut;22.338;25.8;0;10;Sheltered
Youzhnaya_guba_Kut;14.937;21.3;0;8.1;Sheltered
Youzhnaya_guba_Kut;16.592;24.5;0;9.4;Sheltered
Youzhnaya_guba_Kut;2.976;22;6.7;8;Sheltered
Youzhnaya_guba_Kut;29.027;26.1;0;10;Sheltered
Youzhnaya_guba_Kut;30.314;18.9;0;7.2;Sheltered
Youzhnaya_guba_Kut;15.978;23.9;0;9.6;Sheltered
Youzhnaya_guba_Kut;14.741;22;0;9.2;Sheltered
Youzhnaya_guba_Kut;16.124;16.4;0;6.7;Sheltered
Youzhnaya_guba_Kosa;15.439;17.5;4.7;6.7;Exposed
Youzhnaya_guba_Kosa;29.308;18.2;0;7.3;Exposed
Youzhnaya_guba_Kosa;11.59;23;0;8.1;Exposed
Youzhnaya_guba_Kosa;0;18.2;0;6.3;Exposed
Youzhnaya_guba_Kosa;34.98;22.5;0;8.8;Exposed
Youzhnaya_guba_Kosa;61.263;20.4;0;8.1;Exposed
Youzhnaya_guba_Kosa;15.088;22.3;3.9;8.1;Exposed
Youzhnaya_guba_Kosa;20.765;18.3;0;7.7;Exposed
Youzhnaya_guba_Kosa;27.314;24.6;5;8.3;Exposed
Youzhnaya_guba_Kosa;16.556;17.3;6;6.7;Exposed
Youzhnaya_guba_Kosa;12.155;16.2;0;6.2;Exposed
Youzhnaya_guba_Kosa;4.721;19.7;0;7.2;Exposed
severnaya_guba_Kut;0;25.7;8.3;11.9;Sheltered
severnaya_guba_Kut;47.953;28.3;0;10.5;Sheltered
severnaya_guba_Kut;57.728;27.2;5.6;12;Sheltered
severnaya_guba_Kut;12.43;26.3;10.5;10.4;Sheltered
severnaya_guba_Kut;0;27.3;10.5;11.5;Sheltered
severnaya_guba_Kut;3.646;22.9;8;9.7;Sheltered
severnaya_guba_Kut;43.766;28;0;11.6;Sheltered
severnaya_guba_Kut;26.514;29.9;0;11;Sheltered
severnaya_guba_Kut;25.047;27.4;9;11.5;Sheltered
Severnaya_guba_Kosa;4.937;17.2;3;6.3;Exposed
Severnaya_guba_Kosa;27.18;27.6;7;12;Exposed
Severnaya_guba_Kosa;17.53;24.4;7;10.7;Exposed
Severnaya_guba_Kosa;14.826;16.7;0;6.6;Exposed
Severnaya_guba_Kosa;7.112;18.3;3.5;7.5;Exposed
Severnaya_guba_Kosa;15.702;29;0;11.2;Exposed
Severnaya_guba_Kosa;13.271;28.6;12.8;12.8;Exposed
Severnaya_guba_Kosa;15.664;25.4;4;10.5;Exposed
Severnaya_guba_Kosa;36.14;27;0;11.5;Exposed
Severnaya_guba_Kosa;0;31;0;13.6;Exposed
Severnaya_guba_Kosa;4.474;16;3.7;6.8;Exposed
Severnaya_guba_Kosa;75.248;30.7;4.7;13.6;Exposed
Severnaya_guba_Kosa;0;28.7;0;12;Exposed
