Year;Period;Position;Site;L;a;l
1972;old;subtidal;ZRS_subtidal;21.6;0;9.6
1972;old;subtidal;ZRS_subtidal;7.1;2.1;3.5
1972;old;subtidal;ZRS_subtidal;6.4;2.4;3.3
1973;old;subtidal;ZRS_subtidal;12.9;3.5;5.6
1974;old;subtidal;Voronya;22.7;6.5;11.3
1974;old;subtidal;Voronya;8.2;1.9;3.8
1974;old;subtidal;Voronya;21.4;2.3;8.3
1974;old;subtidal;Voronya;11.5;1.7;4.2
1974;old;subtidal;Voronya;15.4;4.6;6.9
1974;old;subtidal;Voronya;13.7;3.4;5
1974;old;subtidal;Voronya;13.5;4.2;5.7
1974;old;subtidal;Voronya;10.4;3.3;4
1974;old;subtidal;Voronya;9.7;3.9;4.2
1974;old;subtidal;Voronya;8.1;2.9;3.1
1974;old;subtidal;Voronya;7.8;3;3.4
1974;old;subtidal;Voronya;8.1;2.9;3.4
1974;old;subtidal;Voronya;7.8;2.4;2.8
1974;old;subtidal;Voronya;7.9;2.3;2.6
1974;old;subtidal;Voronya;7.2;2.5;2.8
1974;old;subtidal;Voronya;5.7;2.2;2.6
1974;old;subtidal;Voronya;6.1;1.6;2
1974;old;subtidal;Voronya;11.8;0;4.7
1974;old;subtidal;ZRS_subtidal;9;2.4;3.5
1974;old;subtidal;Voronya;6.1;2;2.5
1974;old;subtidal;Voronya;9.1;2.3;3.3
1975;old;subtidal;Youzhnaya;12.7;2.3;6.3
1975;old;subtidal;Youzhnaya;11.1;1.4;4.7
1975;old;subtidal;Youzhnaya;9.7;1.9;4.5
1975;old;subtidal;Youzhnaya;11.1;2.5;4.2
1975;old;subtidal;Youzhnaya;5.7;1.2;2.2
1975;old;subtidal;Youzhnaya;8.3;1.7;3.6
1975;old;subtidal;Youzhnaya;9.4;1.8;4
1975;old;subtidal;Youzhnaya;5.2;1.3;2
1975;old;subtidal;Youzhnaya;8.2;1.9;3.5
1975;old;subtidal;Youzhnaya;7.2;2.1;2.8
1975;old;subtidal;Youzhnaya;5.1;1.4;2.4
1975;old;subtidal;Youzhnaya;5.2;1.6;2.6
1975;old;subtidal;Youzhnaya;6.8;1.2;2.9
1975;old;subtidal;Youzhnaya;5.3;1.3;2.2
1975;old;subtidal;Youzhnaya;7.1;1.8;3
1975;old;subtidal;Youzhnaya;6.7;1.5;2.7
1975;old;subtidal;Youzhnaya;5.7;1.4;2.6
1975;old;subtidal;Youzhnaya;11.6;3;5.4
1975;old;subtidal;Youzhnaya;9.6;2.3;3.6
1975;old;subtidal;Youzhnaya;4.9;1.1;2
1975;old;subtidal;Youzhnaya;5.3;1.6;1.9
1975;old;subtidal;Youzhnaya;6.2;1.2;2.3
1975;old;subtidal;Youzhnaya;25.5;10.4;11.7
1975;old;subtidal;Youzhnaya;31.5;13.2;14.2
1975;old;subtidal;Youzhnaya;26.6;11.3;12.1
1975;old;subtidal;Youzhnaya;18.6;7.1;7.8
1975;old;subtidal;Youzhnaya;23.2;11;11.3
1975;old;subtidal;Youzhnaya;29.7;12.5;13.1
1975;old;subtidal;Youzhnaya;30.9;12.5;13.3
1975;old;subtidal;Youzhnaya;29.2;11.1;14
1975;old;subtidal;Youzhnaya;26.7;11.2;11.7
1975;old;subtidal;Youzhnaya;14.2;6.9;7.2
1975;old;subtidal;Youzhnaya;23.2;10.8;11
1975;old;subtidal;Youzhnaya;25.3;8.8;11
1975;old;subtidal;Youzhnaya;26.9;11.6;13.3
1975;old;subtidal;Youzhnaya;21.6;9.5;9.8
1975;old;subtidal;Youzhnaya;22.7;8;10.1
1975;old;subtidal;Youzhnaya;23.1;10.1;12.2
1975;old;subtidal;Youzhnaya;19.2;8.8;9.1
1975;old;subtidal;Youzhnaya;17;6;7.1
1975;old;subtidal;Youzhnaya;14.6;5.5;6.6
1975;old;subtidal;Youzhnaya;21.3;9.5;9.8
1975;old;subtidal;Youzhnaya;12.5;5.3;5.5
1975;old;subtidal;Youzhnaya;16.9;6.1;7.5
1975;old;subtidal;Youzhnaya;15;4.9;6.2
1975;old;subtidal;Youzhnaya;14.2;3.8;6.2
1975;old;subtidal;Youzhnaya;20.1;7.7;8.5
1975;old;subtidal;Youzhnaya;14.5;4.8;7
1975;old;subtidal;Youzhnaya;15.9;7;7.3
1975;old;subtidal;Youzhnaya;14.4;5.2;6.3
1975;old;subtidal;Youzhnaya;12.3;3.5;5.7
1975;old;subtidal;Youzhnaya;16.6;6;7.1
1975;old;subtidal;Youzhnaya;14.4;5.1;6.5
1975;old;subtidal;Youzhnaya;15.6;5.8;7
1975;old;subtidal;Youzhnaya;14.1;2.7;6.4
1975;old;subtidal;Youzhnaya;12.9;3.8;5.3
1975;old;subtidal;Youzhnaya;14;3.5;6.4
1975;old;subtidal;Youzhnaya;11.1;4.1;4.7
1975;old;subtidal;Youzhnaya;11.6;4.3;4.6
1975;old;subtidal;Youzhnaya;12.4;5.4;5.6
1975;old;subtidal;Youzhnaya;14.6;3.8;6.1
1975;old;subtidal;Youzhnaya;11.5;3.4;4.9
1975;old;subtidal;Youzhnaya;12.7;4.1;4.8
1975;old;subtidal;Youzhnaya;13.3;5.3;5.9
1975;old;subtidal;Youzhnaya;16.8;7;7.3
1975;old;subtidal;Youzhnaya;11.9;4.7;5.3
1975;old;subtidal;Youzhnaya;15.2;4.9;6.4
1975;old;subtidal;Youzhnaya;12.8;3.9;5.5
1975;old;subtidal;Youzhnaya;13.5;2.7;6
1975;old;subtidal;Youzhnaya;9.7;4.7;4.9
1975;old;subtidal;Youzhnaya;16.9;7.8;8.1
1975;old;subtidal;Youzhnaya;10.4;2.6;4
1975;old;subtidal;Youzhnaya;12.1;2.4;5.5
1975;old;subtidal;Youzhnaya;14.2;4.1;5.9
1975;old;subtidal;Youzhnaya;11.3;3;5.2
1975;old;subtidal;Youzhnaya;9.8;3.2;3.7
1975;old;subtidal;Youzhnaya;9.8;4;4.5
1975;old;subtidal;Youzhnaya;8.7;1.9;3.5
1975;old;subtidal;Youzhnaya;10.6;3;4.3
1975;old;subtidal;Youzhnaya;11.4;3.8;5.2
1975;old;subtidal;Youzhnaya;12.4;4;5.4
1975;old;subtidal;Youzhnaya;11.1;3.8;5.6
1975;old;subtidal;Youzhnaya;NA;5.3;6
1975;old;subtidal;Youzhnaya;10.2;2.9;4.1
1975;old;subtidal;Youzhnaya;11.3;4.5;5.3
1975;old;subtidal;Youzhnaya;9.7;3.2;4
1975;old;subtidal;Youzhnaya;10;4.5;4.6
1975;old;subtidal;Youzhnaya;11.6;2.1;5.4
1975;old;subtidal;Youzhnaya;9.7;2.8;4.2
1975;old;subtidal;Youzhnaya;9.9;4.5;4.6
1975;old;subtidal;Youzhnaya;10.1;2.1;4.6
1975;old;subtidal;Youzhnaya;11;3.2;4.6
1975;old;subtidal;Youzhnaya;9.5;3.9;4.2
1975;old;subtidal;Youzhnaya;11;3.3;4.7
1975;old;subtidal;Youzhnaya;9.3;3.2;3.7
1975;old;subtidal;Youzhnaya;16.1;6.9;7.3
1975;old;subtidal;Youzhnaya;9.3;3.7;4
1975;old;subtidal;Youzhnaya;11.6;4.8;4.9
1975;old;subtidal;Youzhnaya;9.7;1.9;3.7
1975;old;subtidal;Youzhnaya;11.1;3;4
1975;old;subtidal;Youzhnaya;9.4;4.6;4.8
1975;old;subtidal;Youzhnaya;9.9;4.3;4.8
1975;old;subtidal;Youzhnaya;8.6;3.1;3.9
1975;old;subtidal;Youzhnaya;8.5;1.3;3.2
1975;old;subtidal;Youzhnaya;9.4;2.5;4.1
1975;old;subtidal;Youzhnaya;9.3;2.3;4
1975;old;subtidal;Youzhnaya;10.2;3.8;4.6
1975;old;subtidal;Youzhnaya;9.5;3;3.8
1975;old;subtidal;Youzhnaya;10.2;4;4.3
1975;old;subtidal;Youzhnaya;9.3;3.9;4.2
1975;old;subtidal;Youzhnaya;8.4;3.2;3.3
1975;old;subtidal;Youzhnaya;8.8;3.12;3.6
1975;old;subtidal;Youzhnaya;9.1;2.6;3.6
1975;old;subtidal;Youzhnaya;9.4;3.2;3.8
1975;old;subtidal;Youzhnaya;15.1;5.2;6.5
1975;old;subtidal;Youzhnaya;9.1;3;3.8
1975;old;subtidal;Youzhnaya;9.1;3.6;3.8
1975;old;subtidal;Youzhnaya;9.3;3.5;3.7
1975;old;subtidal;Youzhnaya;9.7;2;4.3
1975;old;subtidal;Youzhnaya;8.5;3.1;4
1975;old;subtidal;Youzhnaya;10.6;2.4;4.7
1975;old;subtidal;Youzhnaya;9.1;2.2;3.4
1975;old;subtidal;Youzhnaya;7.2;1.6;3.2
1975;old;subtidal;Youzhnaya;9.2;2.9;3.8
1975;old;subtidal;Youzhnaya;9.8;3.9;4.2
1975;old;subtidal;Youzhnaya;8.1;1.2;3.7
1975;old;subtidal;Youzhnaya;7.4;1.7;3.2
1975;old;subtidal;Youzhnaya;9.4;3.6;4.1
1975;old;subtidal;Youzhnaya;7.9;3.3;3.9
1975;old;subtidal;Youzhnaya;7.8;2.8;3.7
1975;old;subtidal;Youzhnaya;7.4;1.7;3.2
1975;old;subtidal;Youzhnaya;9.4;3.6;4.1
1975;old;subtidal;Youzhnaya;7.9;3.3;3.9
1975;old;subtidal;Youzhnaya;9.5;3.1;4.3
1975;old;subtidal;Youzhnaya;9.3;2.2;3.9
1975;old;subtidal;Youzhnaya;8.3;2.4;4.6
1975;old;subtidal;Youzhnaya;8.3;2.3;4.1
1975;old;subtidal;Youzhnaya;8.5;3.2;3.7
1975;old;subtidal;Youzhnaya;7.2;2;3.2
1975;old;subtidal;Youzhnaya;7.9;3.1;3.2
1975;old;subtidal;Youzhnaya;6;2.5;2.1
1975;old;subtidal;Youzhnaya;7.8;2.2;3.3
1975;old;subtidal;Youzhnaya;8.4;1.6;3.6
1975;old;subtidal;Youzhnaya;8.6;1.7;3.8
1975;old;subtidal;Youzhnaya;9.1;2.6;4
1975;old;subtidal;Youzhnaya;7.2;2.6;3.2
1975;old;subtidal;Youzhnaya;9.6;4;4
1975;old;subtidal;Youzhnaya;7.4;2.8;3.3
1975;old;subtidal;Youzhnaya;6.9;1.5;2.8
1975;old;subtidal;Youzhnaya;6.9;2.3;3
1975;old;subtidal;Youzhnaya;7.2;2.5;3.2
1975;old;subtidal;Youzhnaya;6.2;2.6;3.2
1975;old;subtidal;Youzhnaya;10;3.2;4
1975;old;subtidal;Youzhnaya;7.7;2.5;3.1
1975;old;subtidal;Youzhnaya;8.3;3.3;3.4
1975;old;subtidal;Youzhnaya;7.3;2.6;2.8
1975;old;subtidal;Youzhnaya;6.1;1.8;2.8
1975;old;subtidal;Youzhnaya;7.3;2.9;3
1975;old;subtidal;Youzhnaya;7.3;2.6;3.1
1975;old;subtidal;Youzhnaya;7.4;2.7;2.9
1975;old;subtidal;Youzhnaya;6.7;2.4;2.6
1975;old;subtidal;Youzhnaya;7;1.8;3.2
1975;old;subtidal;Youzhnaya;7.5;2.2;3.1
1975;old;subtidal;Youzhnaya;7.6;1.5;3.4
1977;old;subtidal;Luvenga;11.2;2.5;5.2
1977;old;subtidal;Luvenga;37.5;7.1;17.7
1977;old;subtidal;Luvenga;35.8;13;16.5
1977;old;subtidal;Luvenga;38.6;13.1;17.5
1977;old;subtidal;Luvenga;28.9;9.5;13.5
1977;old;subtidal;Luvenga;31;5;13.5
1977;old;subtidal;Luvenga;31.9;7.3;14.8
1977;old;subtidal;Luvenga;41.3;16.1;17.5
1977;old;subtidal;Luvenga;7.9;2.9;3.4
1977;old;subtidal;Luvenga;14.1;2.5;5.9
1977;old;subtidal;Luvenga;41.7;11.9;18.5
1977;old;subtidal;Luvenga;45.6;13;21.4
1977;old;subtidal;Luvenga;12.6;2;5.7
1977;old;subtidal;Luvenga;40.4;15;18.1
1977;old;subtidal;Luvenga;26.3;7.1;12
1977;old;subtidal;Luvenga;17.1;0;8
1978;old;subtidal;ZRS_subtidal;41.9;10.1;17.5
1978;old;subtidal;ZRS_subtidal;36.2;11.6;15
1978;old;subtidal;ZRS_subtidal;26;10;11.5
1978;old;subtidal;ZRS_subtidal;13.8;3.2;5.9
1978;old;subtidal;ZRS_subtidal;29.5;8.5;12.5
1978;old;subtidal;ZRS_subtidal;14;5.3;8.3
1978;old;subtidal;ZRS_subtidal;23.6;8.5;11.7
1978;old;subtidal;ZRS_subtidal;13.5;3.4;5.5
1978;old;subtidal;ZRS_subtidal;18.2;4.9;7.7
1978;old;subtidal;ZRS_subtidal;12.5;3.4;5.6
1978;old;subtidal;ZRS_subtidal;12.1;3.6;5.6
1978;old;subtidal;ZRS_subtidal;10.2;3.1;4.3
1978;old;subtidal;ZRS_subtidal;10.2;3.3;4.2
1998;old;intertidal;ZRS;39;17.6;18.1
1998;old;intertidal;ZRS;29;12.7;11.9
1998;old;intertidal;ZRS;26.8;9.1;13.1
1998;old;intertidal;ZRS;25.3;9.3;10.8
1998;old;intertidal;ZRS;37;17.5;18
1998;old;intertidal;ZRS;28.8;9.1;13.6
1998;old;intertidal;ZRS;32.1;11.8;14.7
1998;old;intertidal;ZRS;33.4;12.5;15
1998;old;intertidal;ZRS;20.5;7.4;9.6
1998;old;intertidal;ZRS;25.1;8.3;11.7
1998;old;intertidal;ZRS;24.3;11.3;11.3
1998;old;intertidal;ZRS;22.8;5.8;9.5
1998;old;intertidal;ZRS;30;14.2;13.7
1998;old;intertidal;ZRS;24.7;8.7;10.7
1998;old;intertidal;ZRS;26.8;8.9;12.8
1998;old;intertidal;ZRS;30.3;12.8;14
1998;old;intertidal;ZRS;26.6;6.6;12.9
1998;old;intertidal;ZRS;23.5;8.3;10.2
1998;old;intertidal;ZRS;34.1;9.3;14.6
1998;old;intertidal;ZRS;25.3;7.5;10.6
1998;old;intertidal;ZRS;23.7;0;12
1998;old;intertidal;ZRS;24.3;6;10.6
1998;old;intertidal;ZRS;26.5;8;11.9
1998;old;intertidal;ZRS;39.2;8.9;13.2
1998;old;intertidal;ZRS;23.6;9.8;11.2
1998;old;intertidal;ZRS;21.4;5.3;9.7
1998;old;intertidal;ZRS;23.4;6.7;9.7
1998;old;intertidal;ZRS;26.2;5.3;11.7
1998;old;intertidal;ZRS;24;9.4;11.4
1998;old;intertidal;ZRS;26;10.6;12
1998;old;intertidal;ZRS;24.3;7.1;12
1998;old;intertidal;ZRS;27.6;6.2;13.7
1998;old;intertidal;ZRS;31.8;9.6;14.5
1998;old;intertidal;ZRS;32;8.6;15
1998;old;intertidal;ZRS;21.2;4.6;9.6
1998;old;intertidal;ZRS;26.4;11.1;12.7
1998;old;intertidal;ZRS;27.1;12.9;12.9
1998;old;intertidal;ZRS;25.7;7.5;11.3
1998;old;intertidal;ZRS;28.8;12.6;13.8
1998;old;intertidal;ZRS;27.1;10;12.1
1998;old;intertidal;ZRS;22.8;6.2;10.1
1998;old;intertidal;ZRS;24.7;7.1;11.2
1998;old;intertidal;ZRS;24.8;6.3;11.2
1998;old;intertidal;ZRS;31.2;11.8;14
1998;old;intertidal;ZRS;28.7;11.3;12.3
1998;old;intertidal;ZRS;19.8;0;9.6
1998;old;intertidal;ZRS;24.2;10.5;10.7
1998;old;intertidal;ZRS;23.2;10.1;10.2
1998;old;intertidal;ZRS;31.3;9.6;14.8
1998;old;intertidal;ZRS;25.6;8.3;11.6
1998;old;intertidal;ZRS;26.3;11.1;12.4
1998;old;intertidal;ZRS;25;6.8;10.3
1998;old;intertidal;ZRS;21.9;6.2;10.3
1998;old;intertidal;ZRS;19.8;3.4;9.9
1998;old;intertidal;ZRS;20.9;3;8.7
1998;old;intertidal;ZRS;25.5;10;10.8
1998;old;intertidal;ZRS;30.1;13.7;14.2
1998;old;intertidal;ZRS;31.3;13.1;14.2
1998;old;intertidal;ZRS;27.6;11.3;12.3
1998;old;intertidal;ZRS;26.3;9.6;12
1998;old;intertidal;ZRS;26.7;8.9;12.1
1998;old;intertidal;ZRS;26;7.1;11.8
1998;old;intertidal;ZRS;26.5;11.2;12.7
1998;old;intertidal;ZRS;21;5.8;9.1
1998;old;intertidal;ZRS;26.2;6.6;11.3
1998;old;intertidal;ZRS;25.7;7.1;11.2
1998;old;intertidal;ZRS;27.8;10.9;12.6
1998;old;intertidal;ZRS;20.3;5.2;9.3
1998;old;intertidal;ZRS;30.4;15.2;15.9
1998;old;intertidal;ZRS;24.1;10.4;10.7
1998;old;intertidal;ZRS;30.3;11.3;13
1998;old;intertidal;ZRS;23;11;11.3
1998;old;intertidal;ZRS;28.6;12;13.1
1998;old;intertidal;ZRS;23.4;4.3;10.7
1998;old;intertidal;ZRS;21.6;9.4;9.6
1998;old;intertidal;ZRS;21.6;4.1;9
1998;old;intertidal;ZRS;21.4;4.7;8.5
1998;old;intertidal;ZRS;20.2;5.7;7.6
1998;old;intertidal;ZRS;20;4.4;7.4
1998;old;intertidal;ZRS;18.3;2.7;7.5
1998;old;intertidal;ZRS;20.6;5.7;8
1998;old;intertidal;ZRS;19.3;6.8;8
1998;old;intertidal;ZRS;17.3;7;7.8
1998;old;intertidal;ZRS;18.5;8;8.2
1998;old;intertidal;ZRS;17.6;3.9;7.2
1998;old;intertidal;ZRS;15.4;3;6.9
1998;old;intertidal;ZRS;16.5;2.6;7.7
1998;old;intertidal;ZRS;22.8;8.5;10.1
1998;old;intertidal;ZRS;20.6;8.2;9.5
1998;old;intertidal;ZRS;25.6;4.8;11.3
1998;old;intertidal;ZRS;25.2;10.8;10.2
1998;old;intertidal;ZRS;21.4;4.2;8.5
1998;old;intertidal;ZRS;21.1;3.7;9.2
1998;old;intertidal;ZRS;20.2;6.3;8.3
1998;old;intertidal;ZRS;20.3;7.5;9
1998;old;intertidal;ZRS;18.5;4.2;5
1998;old;intertidal;ZRS;19.3;7.9;8
1998;old;intertidal;ZRS;16.8;5.9;6.6
1998;old;intertidal;ZRS;18.2;4.8;7.3
1998;old;intertidal;ZRS;29.3;9.3;13.6
1995;old;intertidal;Sukhaya;45.5;14.4;20.5
1995;old;intertidal;Sukhaya;48.5;23.1;23
1995;old;intertidal;Sukhaya;42;15.9;18.5
1995;old;intertidal;Sukhaya;44.1;20.1;20.1
1995;old;intertidal;Sukhaya;43.7;15.7;18.6
1995;old;intertidal;Sukhaya;38.9;16.1;18.5
1995;old;intertidal;Sukhaya;40.3;15.3;17.5
1995;old;intertidal;Sukhaya;39.5;10.1;17.9
1995;old;intertidal;Sukhaya;42;18.8;18.8
1995;old;intertidal;Sukhaya;44.9;14.2;20.4
1995;old;intertidal;Sukhaya;36;12.7;16.2
1995;old;intertidal;Sukhaya;41.1;14.9;18.5
1995;old;intertidal;Sukhaya;38.3;15.9;17.5
1995;old;intertidal;Sukhaya;42.3;14.8;18.1
1995;old;intertidal;Sukhaya;34.5;13.8;14.7
1995;old;intertidal;Sukhaya;36.4;14;17
1995;old;intertidal;Sukhaya;35.4;10.5;14.9
1995;old;intertidal;Sukhaya;38.7;14.5;17
1995;old;intertidal;Sukhaya;36.9;15;17.2
1995;old;intertidal;Sukhaya;32.7;12.9;12.4
1995;old;intertidal;Sukhaya;33.4;13;15.1
1995;old;intertidal;Sukhaya;34.8;11.8;15.8
1995;old;intertidal;Sukhaya;30.3;13.7;13
1995;old;intertidal;Sukhaya;34.9;14.1;14.7
1995;old;intertidal;Sukhaya;36.3;7.6;15.7
1995;old;intertidal;Sukhaya;32.7;9.2;14.2
1995;old;intertidal;Sukhaya;36;11.5;15.4
1995;old;intertidal;Sukhaya;31.7;8.1;12.6
1995;old;intertidal;Sukhaya;33.1;10.4;13.4
1995;old;intertidal;Sukhaya;32.6;9.4;14.1
1995;old;intertidal;Sukhaya;33.9;10.1;15.1
1995;old;intertidal;Sukhaya;31.8;8.8;14
1995;old;intertidal;Sukhaya;31.2;12.5;13.3
1995;old;intertidal;Sukhaya;37.4;14.5;17.7
1995;old;intertidal;Sukhaya;29.1;8.8;12.1
1995;old;intertidal;Sukhaya;28;7.7;12.4
1995;old;intertidal;Sukhaya;27.3;11.1;12.6
1995;old;intertidal;Sukhaya;26.1;4.5;10.9
1995;old;intertidal;Sukhaya;28;7.9;12.2
1995;old;intertidal;Sukhaya;36.2;7.4;10.1
1995;old;intertidal;Sukhaya;25.2;7.3;11.2
1995;old;intertidal;Sukhaya;24.6;5.6;10.1
1995;old;intertidal;Sukhaya;25.4;6.7;11.3
1995;old;intertidal;Sukhaya;27.7;6.8;11.1
1995;old;intertidal;Sukhaya;29.7;11.3;12.1
1995;old;intertidal;Sukhaya;26.8;8.9;11.8
1995;old;intertidal;Sukhaya;24.3;5.2;11
1995;old;intertidal;Sukhaya;26.2;10;12.1
1995;old;intertidal;Sukhaya;36.7;12.4;15.3
1995;old;intertidal;Sukhaya;43;14.3;20.9
1995;old;intertidal;Sukhaya;45.8;22.7;22.7
1995;old;intertidal;Sukhaya;44.1;14.5;19.3
1995;old;intertidal;Sukhaya;42.8;14.6;17.9
1995;old;intertidal;Sukhaya;29.9;8.2;12.4
1995;old;intertidal;Sukhaya;36.1;11.2;16.2
1995;old;intertidal;Sukhaya;34.4;10.1;15.7
1995;old;intertidal;Sukhaya;31.6;7.1;14.6
1995;old;intertidal;Sukhaya;33.5;13.2;14.6
1995;old;intertidal;Sukhaya;30.8;10.1;13.1
1995;old;intertidal;Sukhaya;29.1;8.4;12.3
1995;old;intertidal;Sukhaya;34.4;14.1;16.2
1995;old;intertidal;Sukhaya;32.9;13.6;14.7
1995;old;intertidal;Sukhaya;38.5;18.1;18.2
1995;old;intertidal;Sukhaya;36.3;16.6;17.1
1995;old;intertidal;Sukhaya;28.5;8.9;12.3
1995;old;intertidal;Sukhaya;33;13;14.7
1995;old;intertidal;Sukhaya;30.9;11.4;13.3
1995;old;intertidal;Sukhaya;26.8;9.6;11.9
1995;old;intertidal;Sukhaya;29;9.6;13.4
1995;old;intertidal;Sukhaya;27;9.7;13.2
1995;old;intertidal;Sukhaya;26.7;10.2;11.7
1995;old;intertidal;Sukhaya;29.2;8.1;11.8
1995;old;intertidal;Sukhaya;31.2;13.8;13.9
1995;old;intertidal;Sukhaya;40.5;19.8;19.8
1995;old;intertidal;Sukhaya;33.5;15;15.6
1995;old;intertidal;Sukhaya;33.2;13;14.6
1995;old;intertidal;Sukhaya;29.8;13;13.4
1995;old;intertidal;Sukhaya;35.6;16.1;16.1
1995;old;intertidal;Sukhaya;29.7;6.5;13.2
1995;old;intertidal;Sukhaya;28.1;8.2;12.2
1995;old;intertidal;Sukhaya;29.8;11;13.1
1995;old;intertidal;Sukhaya;24.9;8.9;10.7
1995;old;intertidal;Sukhaya;19.3;9.6;9.9
1995;old;intertidal;Sukhaya;22.6;5;9.6
1995;old;intertidal;Sukhaya;31.6;9.6;13.7
1995;old;intertidal;Sukhaya;30.2;8.4;13.3
1995;old;intertidal;Sukhaya;20.8;8.8;10
1995;old;intertidal;Sukhaya;34.6;16;15.9
1995;old;intertidal;Sukhaya;33;13.3;14.1
1995;old;intertidal;Sukhaya;27.6;9.7;13.6
1995;old;intertidal;Sukhaya;30.6;13.6;13.9
1995;old;intertidal;Sukhaya;30.7;7.5;13.1
1995;old;intertidal;Sukhaya;29.8;11.1;12.8
1995;old;intertidal;Sukhaya;32.5;14;15.1
1995;old;intertidal;Sukhaya;26.1;5.1;11.4
1995;old;intertidal;Sukhaya;27.6;8.9;11.1
1995;old;intertidal;Sukhaya;26;8.8;10.3
1995;old;intertidal;Sukhaya;38.2;16.6;17.2
1995;old;intertidal;Sukhaya;47.2;21;22.9
1995;old;intertidal;Sukhaya;37.2;16.1;16.7
1995;old;intertidal;Sukhaya;29.9;13.1;13.4
1995;old;intertidal;Sukhaya;30.2;9.3;15.1
1995;old;intertidal;Sukhaya;33.9;13.3;14.6
1995;old;intertidal;Sukhaya;27;10.6;12.7
1995;old;intertidal;Sukhaya;24.6;7.7;10.1
1995;old;intertidal;Sukhaya;27.9;5.6;7.6
1995;old;intertidal;Sukhaya;31.7;4;15.1
1995;old;intertidal;Sukhaya;25.5;7.3;11
1995;old;intertidal;Sukhaya;31.2;11.3;14.1
1995;old;intertidal;Sukhaya;31.9;13.1;14.1
1995;old;intertidal;Sukhaya;35.6;15.8;17.1
1995;old;intertidal;Sukhaya;14.6;4.3;6.2
1995;old;intertidal;Sukhaya;33.3;16.9;16.4
1995;old;intertidal;Sukhaya;34.2;11.7;15.3
1995;old;intertidal;Sukhaya;32.8;15.6;15.6
1995;old;intertidal;Sukhaya;27.4;11.3;12.7
1995;old;intertidal;Sukhaya;28.7;10.6;12.4
1995;old;intertidal;Sukhaya;27.2;8.6;11.8
1995;old;intertidal;Sukhaya;27.1;11.2;11.9
1995;old;intertidal;Sukhaya;26.9;10;11
1995;old;intertidal;Sukhaya;25;5.9;10.8
1995;old;intertidal;Sukhaya;26.3;10;11.7
1995;old;intertidal;Sukhaya;40;17.5;17.5
1995;old;intertidal;Sukhaya;31.2;9.9;13.1
1995;old;intertidal;Sukhaya;31.9;12.2;14.7
1995;old;intertidal;Sukhaya;28.4;2.8;13
1995;old;intertidal;Sukhaya;43.1;16.3;20.4
1995;old;intertidal;Sukhaya;34.9;16.2;16.3
1995;old;intertidal;Sukhaya;32.7;7.1;9.3
1995;old;intertidal;Sukhaya;22;7.1;9.6
1995;old;intertidal;Sukhaya;16.2;6.4;6.8
1995;old;intertidal;Sukhaya;31.4;6.6;13.3
1995;old;intertidal;Sukhaya;29.3;7.6;12.5
1995;old;intertidal;Sukhaya;29.2;8.4;12.6
1995;old;intertidal;Sukhaya;33.8;14.9;16.3
1995;old;intertidal;Sukhaya;24.6;6.5;10.7
1995;old;intertidal;Sukhaya;46.1;21.1;21.7
1995;old;intertidal;Sukhaya;39.4;17.6;19.2
1995;old;intertidal;Sukhaya;37.7;18.2;18.1
1995;old;intertidal;Sukhaya;28.8;16.4;16.8
1995;old;intertidal;Sukhaya;38.2;16.7;17.9
1995;old;intertidal;Sukhaya;27.7;11.4;11.5
1995;old;intertidal;Sukhaya;31.9;13.1;13.9
1995;old;intertidal;Sukhaya;35.5;16;16
1995;old;intertidal;Sukhaya;25.1;7.6;10.4
1995;old;intertidal;Sukhaya;27.6;11.7;12.8
1995;old;intertidal;Sukhaya;23.2;8.6;10.1
1995;old;intertidal;Sukhaya;22.4;7.5;10
1995;old;intertidal;Sukhaya;20.4;5;8.3
1995;old;intertidal;Sukhaya;23.9;7.5;10.7
1995;old;intertidal;Sukhaya;44.5;20.2;20.7
1995;old;intertidal;Sukhaya;41.1;18.6;19.2
1995;old;intertidal;Sukhaya;44.4;22.5;21.8
1995;old;intertidal;Sukhaya;39.4;18.9;20
1995;old;intertidal;Sukhaya;38.5;18.1;18.3
1995;old;intertidal;Sukhaya;41.2;18.1;18.7
1995;old;intertidal;Sukhaya;36.7;15.6;17.7
1995;old;intertidal;Sukhaya;26.9;8.5;12.3
1995;old;intertidal;Sukhaya;32.1;12.8;14.3
1995;old;intertidal;Sukhaya;26.2;4.7;11.2
1995;old;intertidal;Sukhaya;24.4;10.7;11
1995;old;intertidal;Sukhaya;21.7;6.5;10.3
1995;old;intertidal;Sukhaya;20.6;6.9;7.8
1995;old;intertidal;Sukhaya;19.6;6.4;8.4
1995;old;intertidal;Sukhaya;46.8;22;22.9
1995;old;intertidal;Sukhaya;47;22.5;23
1995;old;intertidal;Sukhaya;43.6;18.2;20.5
1995;old;intertidal;Sukhaya;37.3;17.5;17.7
1995;old;intertidal;Sukhaya;27.6;11.5;12.3
1995;old;intertidal;Sukhaya;35.1;16.7;17.8
1995;old;intertidal;Sukhaya;35.2;15.4;16.4
1995;old;intertidal;Sukhaya;33.6;13.4;14.2
1995;old;intertidal;Sukhaya;26.9;8.9;12.4
1995;old;intertidal;Sukhaya;27.2;6.7;11.7
1995;old;intertidal;Sukhaya;24.5;4.5;11.2
1995;old;intertidal;Sukhaya;24;10;10.1
1995;old;intertidal;Sukhaya;20.2;7.9;8.8
1995;old;intertidal;Sukhaya;17.6;3.7;6.6
2014;new;subtidal;Youzhnaya;27.2;0;11.2
2014;new;subtidal;Youzhnaya;33.1;13.1;14
2014;new;subtidal;Youzhnaya;27;5.3;11.2
2014;new;subtidal;Youzhnaya;19.5;4.2;10
2014;new;subtidal;Youzhnaya;22.5;7.5;9
2014;new;subtidal;Youzhnaya;28.1;6.7;11.2
2014;new;subtidal;Youzhnaya;22.6;0;9
2014;new;subtidal;Youzhnaya;37.5;15.5;17.5
2014;new;subtidal;Youzhnaya;26;10;11.5
2014;new;subtidal;Youzhnaya;26;4.6;11.4
2014;new;subtidal;Youzhnaya;19.5;0;9
2014;new;subtidal;Youzhnaya;25.9;5.1;10
2014;new;subtidal;Youzhnaya;37.5;9.5;16
2014;new;subtidal;Youzhnaya;8.5;0;4.6
2014;new;subtidal;Youzhnaya;25.2;5.5;10.2
2014;new;subtidal;Youzhnaya;25.9;7.6;10.8
2014;new;subtidal;Youzhnaya;28.6;9;12.3
2014;new;subtidal;Youzhnaya;25;9.9;11.4
2014;new;subtidal;Youzhnaya;24.2;9.8;11
2014;new;subtidal;Youzhnaya;22.7;6;9.1
2014;new;subtidal;Youzhnaya;23.8;4.5;10.1
2014;new;subtidal;Youzhnaya;27.2;4.8;12.2
2014;new;subtidal;Youzhnaya;29.7;12;13.7
2014;new;subtidal;Youzhnaya;34.2;9.7;15.2
2014;new;subtidal;Youzhnaya;23.1;0;9.5
2014;new;subtidal;Youzhnaya;21.7;9.7;10.2
2014;new;subtidal;Youzhnaya;13.7;3.2;6.4
2014;new;subtidal;Youzhnaya;30.2;6;12.8
2014;new;subtidal;Youzhnaya;24.6;7;11
2014;new;subtidal;Youzhnaya;27.1;9;11.1
2014;new;subtidal;Youzhnaya;15.1;5.8;6
2014;new;subtidal;Youzhnaya;23.4;5.4;9.6
2014;new;subtidal;Youzhnaya;25.4;0;10.1
2014;new;subtidal;Youzhnaya;19;9;9.3
2014;new;subtidal;Youzhnaya;26.2;10;10.5
2014;new;subtidal;Youzhnaya;21;4;8
2014;new;subtidal;Youzhnaya;16;5.2;8.1
2014;new;subtidal;Youzhnaya;19.7;6.2;8.5
2014;new;subtidal;Youzhnaya;21.2;0;8.2
2014;new;subtidal;Youzhnaya;22.7;7.6;8.5
2014;new;subtidal;Youzhnaya;19.1;4.5;7.1
2014;new;subtidal;Youzhnaya;18.3;5;6.8
2014;new;subtidal;Youzhnaya;14.9;4.4;6.2
2014;new;subtidal;Youzhnaya;21.3;6.8;8.3
2014;new;subtidal;Youzhnaya;19.8;0;8
2014;new;subtidal;Youzhnaya;18.2;5;7.6
2014;new;subtidal;Youzhnaya;17.5;6.3;7.3
2014;new;subtidal;Youzhnaya;28.1;11;12.2
2014;new;subtidal;Youzhnaya;31.6;8;12.5
2014;new;subtidal;Youzhnaya;26.1;6.2;10.2
2014;new;subtidal;Youzhnaya;26.8;11.6;12.5
2014;new;subtidal;Youzhnaya;25.1;9.9;10.5
2014;new;subtidal;Youzhnaya;24.3;0;10
2014;new;subtidal;Youzhnaya;32;11;14.3
2014;new;subtidal;Youzhnaya;24.4;0;9.5
2014;new;subtidal;Youzhnaya;22.2;0;8.5
2014;new;subtidal;Youzhnaya;23.7;5.2;9.8
2014;new;subtidal;Youzhnaya;23.4;7.6;9
2014;new;subtidal;Youzhnaya;20.9;0;8.6
2014;new;subtidal;Youzhnaya;18.9;7;8.3
2014;new;subtidal;Youzhnaya;20;4.5;10.2
2014;new;subtidal;Youzhnaya;18.7;3.9;8.2
2014;new;subtidal;Youzhnaya;20.5;7.1;7.2
2014;new;subtidal;Youzhnaya;19.8;0;7.6
2014;new;subtidal;Youzhnaya;18.5;0;7.4
2014;new;subtidal;Youzhnaya;19.1;8;8.1
2014;new;subtidal;Youzhnaya;19.6;4.3;8.1
2014;new;subtidal;Youzhnaya;16.4;3.5;7.4
2014;new;subtidal;Youzhnaya;17.6;4.5;5.8
2014;new;subtidal;Youzhnaya;21.5;6.5;9
2014;new;subtidal;Youzhnaya;17.8;4;7.3
2014;new;subtidal;Youzhnaya;14.6;4.9;7.9
2014;new;subtidal;Youzhnaya;15.9;0;6.4
2014;new;subtidal;Youzhnaya;17.2;5.1;8.5
2014;new;subtidal;Youzhnaya;23;3.8;10
2014;new;subtidal;Youzhnaya;26.6;7;11.2
2014;new;subtidal;Youzhnaya;24;6.8;9.5
2014;new;subtidal;Youzhnaya;31;10;13.5
2014;new;subtidal;Youzhnaya;29.6;9;12
2014;new;subtidal;Youzhnaya;27.5;7.8;12.2
2014;new;subtidal;Youzhnaya;23.2;4.5;9
2014;new;subtidal;Youzhnaya;23.1;6.5;9.7
2014;new;subtidal;Youzhnaya;22.6;0;9
2014;new;subtidal;Youzhnaya;22.9;0;9
2014;new;subtidal;Youzhnaya;21.4;0;7.7
2014;new;subtidal;Youzhnaya;22.3;6.1;8.3
2014;new;subtidal;Youzhnaya;18.7;4.5;8.2
2014;new;subtidal;Youzhnaya;18.5;6.4;8
2014;new;subtidal;Youzhnaya;22.4;6;9
2014;new;subtidal;Youzhnaya;20;2.7;8.3
2014;new;subtidal;Youzhnaya;19.3;3;7.5
2014;new;subtidal;Youzhnaya;18.8;0;7
2014;new;subtidal;Youzhnaya;16.9;2;7.1
2014;new;subtidal;Youzhnaya;15;5;6.3
2014;new;subtidal;Youzhnaya;19;4.9;7.8
2014;new;subtidal;Youzhnaya;19.1;4.5;9
2014;new;subtidal;Youzhnaya;16.5;0;8
2014;new;subtidal;Youzhnaya;15.3;4;6.6
2014;new;subtidal;Youzhnaya;17.7;0;6.8
2014;new;subtidal;Youzhnaya;17.8;7.1;7.6
2014;new;subtidal;Youzhnaya;23.5;6.8;9.2
2014;new;subtidal;Youzhnaya;25.5;0;10.2
2014;new;subtidal;Youzhnaya;17;5.5;7.2
2014;new;subtidal;Youzhnaya;16.4;4.5;6
2014;new;subtidal;Youzhnaya;19.7;7.4;9.1
2014;new;subtidal;Youzhnaya;10.9;2.7;4
2014;new;subtidal;Youzhnaya;14.2;0;6
2014;new;subtidal;Youzhnaya;16.2;6.2;6.7
2014;new;subtidal;Youzhnaya;15.7;5.6;6.8
2014;new;subtidal;Youzhnaya;15.5;5.3;6.7
2014;new;subtidal;Youzhnaya;13.6;4.5;5.7
2014;new;subtidal;Youzhnaya;16.7;5.6;6.6
2014;new;subtidal;Youzhnaya;15.1;4.7;5.6
2014;new;subtidal;Youzhnaya;19.3;4.1;6.7
2014;new;subtidal;Youzhnaya;16.3;5.4;5.8
2014;new;subtidal;Youzhnaya;12.4;3.1;3.5
2014;new;subtidal;Youzhnaya;25.7;9.6;10.2
2014;new;subtidal;Youzhnaya;15.2;1.7;4.9
2014;new;subtidal;Youzhnaya;14.2;0;4.5
2014;new;subtidal;Youzhnaya;17.3;7;8.1
2014;new;subtidal;Youzhnaya;15.3;3.6;6
2014;new;subtidal;Youzhnaya;9.6;3.3;3.7
2014;new;subtidal;Youzhnaya;20.4;6.6;7.2
2014;new;subtidal;Youzhnaya;11.2;3.9;4.4
2014;new;subtidal;Youzhnaya;16.1;4.7;5.7
2014;new;subtidal;Youzhnaya;19.4;4.9;7.3
2014;new;subtidal;Youzhnaya;21.1;6.2;10.5
2014;new;subtidal;Youzhnaya;19.1;7.3;7.6
2014;new;subtidal;Youzhnaya;15.5;3.5;5.3
2014;new;subtidal;Youzhnaya;20.3;4.2;8.7
2014;new;subtidal;Youzhnaya;15.3;4.3;5.5
2014;new;subtidal;Youzhnaya;16.7;4.9;7.3
2014;new;subtidal;Youzhnaya;14.2;0;6.5
2014;new;subtidal;Youzhnaya;14.6;3.7;5.7
2014;new;subtidal;Youzhnaya;15.5;4.7;6.6
2014;new;subtidal;Youzhnaya;17;5.4;7.2
2014;new;subtidal;Youzhnaya;14.6;3.9;5.5
2014;new;subtidal;Youzhnaya;16.7;0;6.8
2014;new;subtidal;Youzhnaya;12.5;2.6;4.6
2014;new;subtidal;Youzhnaya;11.7;4.2;4.3
2014;new;subtidal;Youzhnaya;19.8;5.8;7.6
2014;new;subtidal;Youzhnaya;18.3;3.2;6.7
2014;new;subtidal;Youzhnaya;24.2;0;8.5
2014;new;subtidal;Youzhnaya;16.7;5.9;6.1
2014;new;subtidal;Youzhnaya;16;4.8;6.5
2014;new;subtidal;Youzhnaya;13.1;0;4.6
2014;new;subtidal;Youzhnaya;13.3;0;5.2
2014;new;subtidal;Youzhnaya;16.3;2.6;5.9
2014;new;subtidal;Youzhnaya;15.7;0;4.4
2014;new;subtidal;Youzhnaya;11.3;0;3.3
2014;new;subtidal;Youzhnaya;18.3;3.6;7.6
2014;new;subtidal;Youzhnaya;22.8;0;8.2
2014;new;subtidal;Youzhnaya;25.6;6.4;9.5
2014;new;subtidal;Youzhnaya;19.3;5;7.7
2014;new;subtidal;Youzhnaya;15.9;4;6.2
2014;new;subtidal;Youzhnaya;17.1;5.1;7.3
2014;new;subtidal;Youzhnaya;18.6;7;7.2
2014;new;subtidal;Youzhnaya;15.5;0;6.5
2014;new;subtidal;Youzhnaya;13.9;0;5.7
2014;new;subtidal;Youzhnaya;14.5;4;6.5
2014;new;subtidal;Youzhnaya;14.3;4.5;5.7
2014;new;subtidal;Youzhnaya;14.6;6.8;6.8
2014;new;subtidal;Youzhnaya;14.7;4;5.6
2014;new;subtidal;Youzhnaya;14.9;0;4.7
2014;new;subtidal;Youzhnaya;13.5;3.5;3.6
2014;new;subtidal;Youzhnaya;17.3;5.9;5.7
2014;new;subtidal;Youzhnaya;18.3;0;7.4
2014;new;subtidal;Youzhnaya;20.5;4.1;7.5
2014;new;subtidal;Youzhnaya;19;6.8;8
2014;new;subtidal;Youzhnaya;19.9;8.1;8.1
2014;new;subtidal;Youzhnaya;12.3;3.1;5
2014;new;subtidal;Youzhnaya;12.3;3.1;4.5
2014;new;subtidal;Youzhnaya;14;3.3;5.6
2014;new;subtidal;Youzhnaya;16;4.5;6.4
2014;new;subtidal;Youzhnaya;18.7;0;6.5
2014;new;subtidal;Youzhnaya;10.3;0;3.1
2014;new;subtidal;Youzhnaya;13.1;0;4.7
2014;new;subtidal;Youzhnaya;9.6;1.6;3
2014;new;subtidal;Youzhnaya;12.5;2.6;4
2014;new;subtidal;Youzhnaya;15.1;0;4.4
2014;new;subtidal;Youzhnaya;12.1;3.6;3.6
2014;new;subtidal;Youzhnaya;13;3.6;6.4
2014;new;subtidal;Youzhnaya;16.4;6.1;6.1
2014;new;subtidal;Youzhnaya;13.1;0;4.4
2014;new;subtidal;Youzhnaya;16.2;3.4;6.4
2014;new;subtidal;Youzhnaya;12.9;4.6;5.2
2014;new;subtidal;Youzhnaya;12.7;5.1;5.5
2014;new;subtidal;Youzhnaya;9.7;2.9;3.2
2014;new;subtidal;Youzhnaya;11;4;4
2014;new;subtidal;Youzhnaya;12.3;3.4;4.2
2014;new;subtidal;Youzhnaya;15.6;0;6.2
2014;new;subtidal;Youzhnaya;11.8;4;4.5
2014;new;subtidal;Youzhnaya;11;0;4
2014;new;subtidal;Youzhnaya;11.3;3.8;3.2
2014;new;subtidal;Youzhnaya;11.8;2.5;4.2
2014;new;subtidal;Youzhnaya;13.2;5.5;5.2
2014;new;subtidal;Youzhnaya;14.7;5;5.2
2014;new;subtidal;Youzhnaya;10.5;3;4.2
2014;new;subtidal;Youzhnaya;11.1;2;4.5
2014;new;subtidal;Youzhnaya;12.5;1.7;3.6
2014;new;subtidal;Youzhnaya;12.6;5;5.2
2014;new;subtidal;Youzhnaya;10.1;2.4;3.4
2014;new;subtidal;Youzhnaya;15;4.4;5.6
2014;new;subtidal;Youzhnaya;11.8;4;4
2014;new;subtidal;Youzhnaya;13.8;0;4.4
2014;new;subtidal;Youzhnaya;12.6;0;3.6
2014;new;subtidal;Youzhnaya;12;4.1;3.9
2014;new;subtidal;Youzhnaya;6.4;3.6;3.2
2014;new;subtidal;Youzhnaya;18.6;6.2;6.8
2014;new;subtidal;Youzhnaya;14.5;3.8;5.7
2014;new;subtidal;Youzhnaya;13.6;4.5;5.1
2014;new;subtidal;Youzhnaya;12.4;3.1;4.5
2014;new;subtidal;Youzhnaya;11.6;3.4;4.5
2014;new;subtidal;Youzhnaya;13.3;4.6;5.1
2014;new;subtidal;Youzhnaya;13.2;4.6;5
2014;new;subtidal;Youzhnaya;12.7;4.2;5.2
2014;new;subtidal;Youzhnaya;12.6;4;5.2
2014;new;subtidal;Youzhnaya;12;2.8;4
2014;new;subtidal;Youzhnaya;13.7;5;5.2
2014;new;subtidal;Youzhnaya;12.9;4;5.1
2014;new;subtidal;Youzhnaya;11.1;3.2;4.4
2014;new;subtidal;Youzhnaya;10.2;2.4;4.1
2014;new;subtidal;Youzhnaya;13.5;0;5.3
2014;new;subtidal;Youzhnaya;10;4;3.9
2014;new;subtidal;Youzhnaya;12;4.9;5.1
2014;new;subtidal;Youzhnaya;9.5;2.3;3.2
2014;new;subtidal;Youzhnaya;11.5;2.1;3.6
2014;new;subtidal;Youzhnaya;12;3.4;3.4
2014;new;subtidal;Youzhnaya;15.3;3.6;5.9
2014;new;subtidal;Youzhnaya;13.9;0;4.6
2014;new;subtidal;Youzhnaya;20.8;5.4;7.6
2014;new;subtidal;Youzhnaya;13;0;3.6
2014;new;subtidal;Youzhnaya;8.2;0;2.1
2014;new;subtidal;Youzhnaya;12.2;2.2;3.9
2014;new;subtidal;Youzhnaya;16.4;5.4;6
2014;new;subtidal;Youzhnaya;11;2.4;4.1
2014;new;subtidal;Youzhnaya;11.3;3.6;3.9
2014;new;subtidal;Youzhnaya;15.4;6.4;6.5
2014;new;subtidal;Youzhnaya;12.6;4.4;4.9
2014;new;subtidal;Youzhnaya;13;5.4;5.5
2014;new;subtidal;Youzhnaya;13.6;5.9;5.6
2014;new;subtidal;Youzhnaya;13.6;5.3;5.6
2014;new;subtidal;Youzhnaya;12.2;4;4.9
2014;new;subtidal;Youzhnaya;12.8;3.5;5.6
2014;new;subtidal;Youzhnaya;10.2;0;4.1
2014;new;subtidal;Youzhnaya;9.8;2.8;4.1
2014;new;subtidal;Youzhnaya;9.5;2.4;3.5
2014;new;subtidal;Youzhnaya;13.5;2.5;5.2
2014;new;subtidal;Youzhnaya;10;3.5;4
2014;new;subtidal;Youzhnaya;11.5;2.5;4
2014;new;subtidal;Youzhnaya;10.3;3.1;3.4
2014;new;subtidal;Youzhnaya;13;4.8;5
2014;new;subtidal;Youzhnaya;14;2.5;5.5
2014;new;subtidal;Youzhnaya;12.8;4.3;5.9
2014;new;subtidal;Youzhnaya;10.1;0;4
2014;new;subtidal;Youzhnaya;12.4;4.6;4.1
2014;new;subtidal;Youzhnaya;11.2;3.1;4.1
2014;new;subtidal;Youzhnaya;13.6;3.2;4.4
2014;new;subtidal;Youzhnaya;11.3;3.7;3.4
2014;new;subtidal;Youzhnaya;12;3.6;4.1
2014;new;subtidal;Youzhnaya;9.7;3.4;2.9
2014;new;subtidal;Youzhnaya;11.3;0;3.7
2014;new;subtidal;Youzhnaya;11.3;3.3;4.2
2014;new;subtidal;Youzhnaya;11.3;3.1;3.6
2014;new;subtidal;Youzhnaya;9.5;3.1;3.5
2014;new;subtidal;Youzhnaya;9.6;1.5;3.2
2014;new;subtidal;Youzhnaya;10.1;4.1;4.1
2014;new;subtidal;Youzhnaya;11.9;3.6;4.3
2014;new;subtidal;Youzhnaya;9.6;0;4
2014;new;subtidal;Youzhnaya;7.7;2.8;3
2014;new;subtidal;Youzhnaya;11.3;4.2;4.2
2014;new;subtidal;Youzhnaya;8.1;2.8;3.2
2014;new;subtidal;Youzhnaya;9.5;3.3;3.5
2014;new;subtidal;Youzhnaya;9.7;0;3.4
2014;new;subtidal;Youzhnaya;9.5;3.3;3.3
2014;new;subtidal;Youzhnaya;10.4;0;4
2014;new;subtidal;Youzhnaya;12.4;4.7;5
2014;new;subtidal;Youzhnaya;10.3;4.3;4.2
2014;new;subtidal;Youzhnaya;10.4;2.2;3.7
2014;new;subtidal;Youzhnaya;8.5;1.7;2.3
2014;new;subtidal;Youzhnaya;9.5;1.5;3.7
2014;new;subtidal;Youzhnaya;11.2;2.3;4.2
2014;new;subtidal;Youzhnaya;9.9;2.7;3
2014;new;subtidal;Youzhnaya;9.8;3.1;4
2014;new;subtidal;Youzhnaya;9.7;2.8;2.9
2014;new;subtidal;Youzhnaya;10.4;2.2;3.9
2014;new;subtidal;Youzhnaya;12.7;1.5;4
2014;new;subtidal;Youzhnaya;9.1;1.5;2.5
2014;new;subtidal;Youzhnaya;8.4;0;2.6
2014;new;subtidal;Youzhnaya;11.8;3.5;4.2
2014;new;subtidal;Youzhnaya;7.9;3;3.8
2014;new;subtidal;Youzhnaya;8.7;2.5;2.5
2014;new;subtidal;Youzhnaya;12.3;4.6;4.6
2014;new;subtidal;Youzhnaya;12.8;4.1;4.7
2014;new;subtidal;Youzhnaya;10.1;2.4;4.1
2014;new;subtidal;Youzhnaya;9.4;1.9;3.3
2014;new;subtidal;Youzhnaya;9;2.4;3.1
2014;new;subtidal;Youzhnaya;9.6;2;2.4
2014;new;subtidal;Youzhnaya;9.2;3;3.3
2014;new;subtidal;Youzhnaya;9.4;3.5;3.4
2014;new;subtidal;Youzhnaya;9.6;3.3;3.6
2014;new;subtidal;Youzhnaya;10.8;0;2.3
2014;new;subtidal;Youzhnaya;12.2;4.6;4.6
2014;new;subtidal;Youzhnaya;7.8;2.5;2.5
2014;new;subtidal;Youzhnaya;8.1;2.1;3
2014;new;subtidal;Youzhnaya;7.5;2.4;2.6
2014;new;subtidal;Youzhnaya;11.4;2.8;4
2014;new;subtidal;Youzhnaya;12.6;4.1;4.2
2014;new;subtidal;Youzhnaya;13.6;3.7;4.2
2014;new;subtidal;Youzhnaya;11.3;2.1;3.4
2014;new;subtidal;Youzhnaya;10.1;0;3.5
2014;new;subtidal;Youzhnaya;9.2;3.5;3.5
2014;new;subtidal;Youzhnaya;13.4;3.4;3.6
2014;new;subtidal;Youzhnaya;11.6;0;3
2014;new;subtidal;Youzhnaya;11.1;2.7;4.5
2014;new;subtidal;Youzhnaya;10.2;0;3.2
2014;new;subtidal;Youzhnaya;10.2;0;3.2
2014;new;subtidal;Youzhnaya;9.6;1.5;4
2014;new;subtidal;Youzhnaya;9.1;1.5;3
2014;new;subtidal;Youzhnaya;8.9;3.1;3.2
2014;new;subtidal;Youzhnaya;8.1;0;3.1
2014;new;subtidal;Youzhnaya;8.6;2.3;3.4
2014;new;subtidal;Youzhnaya;10.7;3.5;4.8
2014;new;subtidal;Youzhnaya;10;3.5;3.5
2014;new;subtidal;Youzhnaya;10.6;3.4;3.7
2014;new;subtidal;Youzhnaya;8.1;3;3
2014;new;subtidal;Youzhnaya;9.9;0;3.5
2014;new;subtidal;Youzhnaya;10.5;3;3.5
2014;new;subtidal;Youzhnaya;8.2;1.5;2.5
2014;new;subtidal;Youzhnaya;9.8;3.4;3.6
2014;new;subtidal;Youzhnaya;9.4;3.7;3.7
2014;new;subtidal;Youzhnaya;9.3;3.5;3.7
2014;new;subtidal;Youzhnaya;8.6;2.4;3.4
2014;new;subtidal;Youzhnaya;10;3;3.4
2014;new;subtidal;Youzhnaya;10.1;3.1;4.2
2014;new;subtidal;Youzhnaya;9.9;2.6;3.6
2014;new;subtidal;Youzhnaya;9.1;2.6;3.1
2014;new;subtidal;Youzhnaya;8;3.2;3.2
2014;new;subtidal;Youzhnaya;5.6;2;2
2014;new;subtidal;Youzhnaya;7.3;1.5;2.8
2014;new;subtidal;Youzhnaya;8;3.1;3.2
2014;new;subtidal;Youzhnaya;8.8;2.8;3.1
2014;new;subtidal;Youzhnaya;8;2.6;3.2
2014;new;subtidal;Youzhnaya;7.5;2.1;2.4
2014;new;subtidal;Youzhnaya;8.4;0;3.4
2014;new;subtidal;Youzhnaya;8.7;2.6;2.6
2014;new;subtidal;Youzhnaya;6.4;0;2.6
2014;new;subtidal;Youzhnaya;8.6;2.8;3.2
2014;new;subtidal;Youzhnaya;8.5;2.9;2.9
2014;new;subtidal;Youzhnaya;8.2;3;3
2014;new;subtidal;Youzhnaya;10.5;3.2;3.4
2014;new;subtidal;Youzhnaya;7.9;2.5;3.1
2014;new;subtidal;Youzhnaya;8;2.7;2.7
2014;new;subtidal;Youzhnaya;7.8;3;3.2
2014;new;subtidal;Youzhnaya;9.6;2.8;2.8
2014;new;subtidal;Youzhnaya;8.2;2.8;2.8
2014;new;subtidal;Youzhnaya;6.4;1.9;2
2014;new;subtidal;Youzhnaya;8.3;0;2.5
2014;new;subtidal;Youzhnaya;5.8;2.2;2.4
2014;new;subtidal;Youzhnaya;8.5;2.7;3.1
2014;new;subtidal;Youzhnaya;6.7;2;2.5
2014;new;subtidal;Youzhnaya;6.4;1.4;1.6
2014;new;subtidal;Youzhnaya;8.8;0;3.1
2014;new;subtidal;Youzhnaya;9.8;1.5;3.3
2014;new;subtidal;Youzhnaya;8.9;2.9;3.3
2014;new;subtidal;Youzhnaya;9.6;3.1;3.1
2014;new;subtidal;Youzhnaya;8.1;0;3.2
2014;new;subtidal;Youzhnaya;9.6;1.4;3.6
2014;new;subtidal;Youzhnaya;8.4;2.9;2.9
2014;new;subtidal;Youzhnaya;8.1;3;3.3
2014;new;subtidal;Youzhnaya;8.6;2.5;2.5
2014;new;subtidal;Youzhnaya;7.8;1.8;3.2
2014;new;subtidal;Youzhnaya;7.6;1.9;3.6
2014;new;subtidal;Youzhnaya;7.4;2.4;2.4
2014;new;subtidal;Youzhnaya;8;1.6;2.6
2014;new;subtidal;Youzhnaya;8.7;3;3.4
2014;new;subtidal;Youzhnaya;8.4;1;3.1
2014;new;subtidal;Youzhnaya;34.4;16.3;16.3
2014;new;subtidal;Youzhnaya;24.6;0;9.9
2014;new;subtidal;Youzhnaya;18.7;4.5;7
2014;new;subtidal;Youzhnaya;20.5;7.6;9.2
2014;new;subtidal;Youzhnaya;19;4.6;6.6
2014;new;subtidal;Youzhnaya;23;6.7;8.5
2014;new;subtidal;Youzhnaya;13.1;0;4.7
2014;new;subtidal;Youzhnaya;16.4;4.7;5.6
2014;new;subtidal;Youzhnaya;13.2;5.3;5.3
2014;new;subtidal;Youzhnaya;14.1;4;5.6
2014;new;subtidal;Youzhnaya;14.4;3.9;4.3
2014;new;subtidal;Youzhnaya;14;3.2;5.4
2014;new;subtidal;Youzhnaya;12.7;3.7;4
2014;new;subtidal;Youzhnaya;13.1;2.7;4.1
2014;new;subtidal;Youzhnaya;11.4;3.2;4
2014;new;subtidal;Youzhnaya;15.4;4.6;4.6
2014;new;subtidal;Youzhnaya;15.6;2.2;6
2014;new;subtidal;Youzhnaya;13.3;4;5
2014;new;subtidal;Youzhnaya;31.2;9.4;13.8
2014;new;subtidal;Youzhnaya;19.2;4.1;6.8
2014;new;subtidal;Youzhnaya;20.2;5.6;7.5
2014;new;subtidal;Youzhnaya;18.8;0;7.3
2014;new;subtidal;Youzhnaya;13.2;4.8;5.2
2014;new;subtidal;Youzhnaya;17.8;6.5;7.5
2014;new;subtidal;Youzhnaya;12.3;2.4;5.6
2014;new;subtidal;Youzhnaya;16.1;5.6;5.7
2014;new;subtidal;Youzhnaya;10.7;4.1;3.8
2014;new;subtidal;Youzhnaya;16.1;4.6;5.9
2014;new;subtidal;Youzhnaya;10.3;4;4
2014;new;subtidal;Youzhnaya;11.7;3.7;5.2
2014;new;subtidal;Youzhnaya;12.1;2.6;3.6
2014;new;subtidal;Youzhnaya;13.2;3.6;5.6
2014;new;subtidal;Youzhnaya;11.3;3.9;4
2014;new;subtidal;Youzhnaya;12.7;4.6;4.7
2014;new;subtidal;Youzhnaya;14.3;0;6
2014;new;subtidal;Youzhnaya;9.6;0;2.8
2014;new;subtidal;Youzhnaya;11.3;4;4.1
2014;new;subtidal;Youzhnaya;26.4;4.6;12.2
2014;new;subtidal;Youzhnaya;18.2;3.1;6.6
2014;new;subtidal;Youzhnaya;17.2;2.6;6.6
2014;new;subtidal;Youzhnaya;17.9;0;6.2
2014;new;subtidal;Youzhnaya;18.4;0;5.3
2014;new;subtidal;Youzhnaya;14.2;0;5.1
2014;new;subtidal;Youzhnaya;16.3;4.1;5.4
2014;new;subtidal;Youzhnaya;15.7;3.7;6.4
2014;new;subtidal;Youzhnaya;11.6;2.2;3.7
2014;new;subtidal;Youzhnaya;16.2;5.5;5.6
2014;new;subtidal;Youzhnaya;13.1;3.2;4.7
2014;new;subtidal;Youzhnaya;20.7;4.9;8.2
2014;new;subtidal;Youzhnaya;13;0;5.2
2014;new;subtidal;Youzhnaya;14.1;4.3;5.6
2014;new;subtidal;Youzhnaya;11.6;1.5;4
2014;new;subtidal;Youzhnaya;14.8;2.4;4.6
2014;new;subtidal;Youzhnaya;16.1;2.8;6.5
2014;new;subtidal;Youzhnaya;11.9;2.4;3.1
2014;new;subtidal;Youzhnaya;14.2;2.6;3.7
2014;new;subtidal;Youzhnaya;10.3;0;4.3
2014;new;subtidal;Youzhnaya;9.8;2.4;3.1
2014;new;subtidal;Youzhnaya;10.7;0;3.1
2014;new;subtidal;Youzhnaya;10.8;2.6;3.7
2014;new;subtidal;Youzhnaya;10;0;2.8
2014;new;subtidal;Youzhnaya;11;3.2;3.9
2014;new;subtidal;Youzhnaya;8.5;1.9;2.4
2014;new;subtidal;Youzhnaya;10.4;3.5;4.3
2014;new;subtidal;Youzhnaya;14.3;5.4;5.9
2014;new;subtidal;Youzhnaya;8.6;3.2;3.4
2014;new;subtidal;Youzhnaya;9.6;2;3.9
2014;new;subtidal;Youzhnaya;8.4;2.4;3.4
2014;new;subtidal;Youzhnaya;9.8;1.8;2.7
2014;new;subtidal;Youzhnaya;11;3.3;4.3
2014;new;subtidal;Youzhnaya;13.5;3.6;5.1
2014;new;subtidal;Youzhnaya;10.7;3.4;4.8
2014;new;subtidal;Youzhnaya;9.9;2.5;2.8
2014;new;subtidal;Youzhnaya;9.7;2.2;3.7
2014;new;subtidal;Youzhnaya;10.7;2.7;4.3
2014;new;subtidal;Youzhnaya;9.9;0;4.4
2014;new;subtidal;Youzhnaya;9.2;1.1;2.5
2014;new;subtidal;Youzhnaya;11.5;2.4;4.1
2014;new;subtidal;Youzhnaya;9.3;2.4;2.6
2014;new;subtidal;Youzhnaya;9.5;0;4.1
2014;new;subtidal;Youzhnaya;9.6;2.4;3.2
2014;new;subtidal;Youzhnaya;11.1;2.9;4.7
2014;new;subtidal;Youzhnaya;9.3;2.5;3.1
2014;new;subtidal;Youzhnaya;12.6;3.6;5.4
2014;new;subtidal;Youzhnaya;12.7;3.6;3.6
2014;new;subtidal;Youzhnaya;9.4;3.6;4.1
2014;new;subtidal;Youzhnaya;12.4;2.8;3.5
2014;new;subtidal;Youzhnaya;10.8;2.3;3.3
2014;new;subtidal;Youzhnaya;13.4;0;5.7
2014;new;subtidal;Youzhnaya;10.8;2.1;4.3
2014;new;subtidal;Youzhnaya;13;0;5.1
2014;new;subtidal;Youzhnaya;9.2;2.1;3.5
2014;new;subtidal;Youzhnaya;8.7;3.3;3.5
2014;new;subtidal;Youzhnaya;10.4;2.2;5
2014;new;subtidal;Youzhnaya;9.8;5;5.1
2014;new;subtidal;Youzhnaya;10.3;1.9;3.7
2014;new;subtidal;Youzhnaya;9.3;3.1;4.2
2014;new;subtidal;Luvenga;8.2;1.2;4.5
2014;new;subtidal;Luvenga;11.7;4.2;5.2
2014;new;subtidal;Luvenga;25.3;8.2;9.6
2014;new;subtidal;Luvenga;19.6;0;8.2
2014;new;subtidal;Luvenga;17.3;3.5;7.2
2014;new;subtidal;Luvenga;14.1;6.2;5.9
2014;new;subtidal;Luvenga;14.7;3.2;6.1
2014;new;subtidal;Luvenga;18.4;4.8;7.6
2014;new;subtidal;Luvenga;17.5;3.3;4
2014;new;subtidal;Luvenga;12;2.5;4.1
2014;new;subtidal;Luvenga;16.7;0;6
2014;new;subtidal;Luvenga;11.8;3.4;4.7
2014;new;subtidal;Luvenga;12.5;0;5
2014;new;subtidal;Luvenga;14;3.7;6
2014;new;subtidal;Luvenga;11.7;3.3;4.3
2014;new;subtidal;Luvenga;13.9;0;5.1
2014;new;subtidal;Luvenga;13.6;5.3;5.3
2014;new;subtidal;Luvenga;11.9;0;5.3
2014;new;subtidal;Luvenga;13.1;4.6;5.6
2014;new;subtidal;Luvenga;12.3;0;5.6
2014;new;subtidal;Luvenga;13.2;4.8;5.1
2014;new;subtidal;Luvenga;11.1;0;4.2
2014;new;subtidal;Luvenga;11.4;2.2;4.1
2014;new;subtidal;Luvenga;10.9;3.8;4.2
2014;new;subtidal;Luvenga;24.4;7.9;8.6
2014;new;subtidal;Luvenga;15.3;4;6.1
2014;new;subtidal;Luvenga;24.3;0;9.6
2014;new;subtidal;Luvenga;18.4;3.5;7.6
2014;new;subtidal;Luvenga;20;8.7;8.4
2014;new;subtidal;Luvenga;17.7;3.2;7
2014;new;subtidal;Luvenga;14;3.8;5
2014;new;subtidal;Luvenga;19.8;5.9;7.3
2014;new;subtidal;Luvenga;16.4;3.2;7.2
2014;new;subtidal;Luvenga;13.5;2.2;5.2
2014;new;subtidal;Luvenga;13.3;4.4;5.3
2014;new;subtidal;Luvenga;14;4;5.2
2014;new;subtidal;Luvenga;13.2;2.6;4.7
2014;new;subtidal;Luvenga;14.9;3.9;6.5
2014;new;subtidal;Luvenga;14.9;0;5.3
2014;new;subtidal;Luvenga;13.2;5.1;5.4
2014;new;subtidal;Luvenga;14;4.8;5.4
2014;new;subtidal;Luvenga;13.9;2.6;5.2
2014;new;subtidal;Luvenga;13.7;3.1;6
2014;new;subtidal;Luvenga;11.1;3.1;4.6
2014;new;subtidal;Luvenga;13.1;4.1;5
2014;new;subtidal;Luvenga;10.8;0;4.3
2014;new;subtidal;Luvenga;10.9;0;4.2
2014;new;subtidal;Luvenga;11;0;4.7
2014;new;subtidal;Luvenga;18.1;5.4;7.3
2014;new;subtidal;Luvenga;13.8;4.6;5.4
2014;new;subtidal;Luvenga;22.5;8;9.1
2014;new;subtidal;Luvenga;26.4;5.3;11.2
2014;new;subtidal;Luvenga;11.1;5;4.8
2014;new;subtidal;Luvenga;14.4;0;6.1
2014;new;subtidal;Luvenga;12.3;4.3;5.2
2014;new;subtidal;Luvenga;10.7;2;4.2
2014;new;subtidal;Luvenga;14.9;5.3;6.2
2014;new;subtidal;Luvenga;14.9;4.9;6
2014;new;subtidal;Luvenga;14.8;2.2;6.1
2014;new;subtidal;Luvenga;12.5;3.4;4.9
2014;new;subtidal;Luvenga;16.4;6.5;6.4
2014;new;subtidal;Luvenga;10.3;3.1;4.4
2014;new;subtidal;Luvenga;11.2;2;4.4
2014;new;subtidal;Luvenga;15.1;5.8;6.1
2014;new;subtidal;Luvenga;9.8;2.4;4.2
2014;new;subtidal;Luvenga;13.6;2.8;6.4
2014;new;subtidal;Luvenga;12.4;0;5.4
2014;new;subtidal;Luvenga;13.1;4.4;5.6
2014;new;subtidal;Luvenga;10.3;3.3;4.3
2014;new;subtidal;Luvenga;12.3;3.3;5.2
2014;new;subtidal;Luvenga;11.9;2.4;5.4
2014;new;subtidal;Luvenga;11.1;2.6;4.6
2014;new;subtidal;Luvenga;11.4;4.2;4.1
2014;new;subtidal;Luvenga;9.9;2.2;3.6
2014;new;subtidal;Luvenga;10.8;3.8;4
2014;new;subtidal;Luvenga;10.5;4.1;4.5
2014;new;subtidal;Luvenga;11.1;1.4;4.3
2014;new;subtidal;Luvenga;10.3;2.7;3.6
2014;new;subtidal;Luvenga;10.6;0;4.1
2014;new;subtidal;Luvenga;9.5;0;2.9
2014;new;subtidal;Luvenga;9.4;0;3.9
2014;new;subtidal;Luvenga;8.8;2.7;2.7
2014;new;subtidal;Luvenga;10;2;3
2014;new;subtidal;Luvenga;10.4;2.6;3.5
2014;new;subtidal;Luvenga;10.1;3.1;3.4
2014;new;subtidal;Luvenga;10.7;3.1;3.1
2014;new;subtidal;Luvenga;10.2;3.1;3.5
2014;new;subtidal;Luvenga;11.7;4.2;4.2
2014;new;subtidal;Luvenga;11.6;4;5.1
2014;new;subtidal;Luvenga;9.3;0;3.6
2014;new;subtidal;Luvenga;10.9;1.3;4.2
2014;new;subtidal;Luvenga;10.1;3.5;4.1
2014;new;subtidal;Luvenga;9.5;2;3.5
2014;new;subtidal;Luvenga;9.6;3;4.1
2014;new;subtidal;Luvenga;9.8;3.7;4.2
2014;new;subtidal;Luvenga;10.4;0;4.4
2014;new;subtidal;Luvenga;11.1;3.7;4.6
2014;new;subtidal;Luvenga;10.3;3.2;3.1
2014;new;subtidal;Luvenga;10.2;3.1;3.6
2014;new;subtidal;Luvenga;9.8;2;3.2
2014;new;subtidal;Luvenga;8.6;3.5;3.5
2014;new;subtidal;Luvenga;9.5;3;3
2014;new;subtidal;Luvenga;12.5;2.1;4
2014;new;subtidal;Luvenga;9.3;2.8;3.4
2014;new;subtidal;Luvenga;9.9;0;3.9
2014;new;subtidal;Luvenga;9.8;3.4;4
2014;new;subtidal;Luvenga;10.5;3.1;4.1
2014;new;subtidal;Luvenga;9.7;0;4.2
2014;new;subtidal;Luvenga;11.1;1.7;4.4
2014;new;subtidal;Luvenga;10.6;3.5;3.4
2014;new;subtidal;Luvenga;10.2;3.2;3.1
2014;new;subtidal;Luvenga;9.7;2.6;2.9
2014;new;subtidal;Luvenga;10.7;4.3;4.3
2014;new;subtidal;Luvenga;11.3;3.2;4.2
2014;new;subtidal;Luvenga;10.9;2.4;3.5
2014;new;subtidal;Luvenga;8.9;0;2.9
2014;new;subtidal;Luvenga;9.9;3.5;3.4
2014;new;subtidal;ZRS_subtidal;19.4;4.8;8.3
2014;new;subtidal;ZRS_subtidal;15.3;4.6;7.1
2014;new;subtidal;ZRS_subtidal;14.7;5.7;6.3
2014;new;subtidal;ZRS_subtidal;12.1;3.7;5.5
2014;new;subtidal;ZRS_subtidal;7.8;1.6;3.4
2014;new;subtidal;ZRS_subtidal;7.8;2.6;3.3
2014;new;subtidal;ZRS_subtidal;8.4;2.6;3.2
2014;new;subtidal;ZRS_subtidal;7.3;2.2;3.2
2014;new;subtidal;ZRS_subtidal;14.4;4.9;7.3
2014;new;subtidal;ZRS_subtidal;18.3;4.7;8.5
2014;new;subtidal;ZRS_subtidal;14.8;4.1;6.1
2014;new;subtidal;ZRS_subtidal;11.4;3.4;4.7
2014;new;subtidal;ZRS_subtidal;8.3;2.7;3.2
2014;new;subtidal;ZRS_subtidal;7.6;2.4;3.1
2014;new;subtidal;ZRS_subtidal;6.4;2.2;3
2014;new;subtidal;ZRS_subtidal;16;2.8;6.3
2014;new;subtidal;ZRS_subtidal;15.1;4.7;6.3
2014;new;subtidal;ZRS_subtidal;10.3;2.4;4
2014;new;subtidal;ZRS_subtidal;9.2;3.4;4
2014;new;subtidal;ZRS_subtidal;8.6;2.2;4
2014;new;subtidal;ZRS_subtidal;8.3;1.3;3.1
2014;new;subtidal;ZRS_subtidal;7.8;2.9;4.2
2014;new;subtidal;Voronya;27.6;0;10.7
2014;new;subtidal;Voronya;25.2;0;9.9
2014;new;subtidal;Voronya;22.7;2.6;8.3
2014;new;subtidal;Voronya;19.6;0;7.8
2014;new;subtidal;Voronya;20.2;2;4.8
2014;new;subtidal;Voronya;19.1;4.3;7.8
2014;new;subtidal;Voronya;16.8;2.6;3.4
2014;new;subtidal;Voronya;14.1;0;6.5
2014;new;subtidal;Voronya;22.7;3.8;9.7
2014;new;subtidal;Voronya;23.6;3.1;5.7
2014;new;subtidal;Voronya;23.1;4.3;9
2014;new;subtidal;Voronya;15.3;2.3;6.6
2014;new;subtidal;Voronya;22.6;1.7;5.3
2014;new;subtidal;Voronya;18.8;0;7.2
2014;new;subtidal;Voronya;15.6;0;7.6
2014;new;subtidal;Voronya;29.3;8.5;12.3
2014;new;subtidal;Voronya;11.1;2.9;5.6
2014;new;subtidal;Voronya;21.9;4;8.6
2014;new;subtidal;Voronya;18.7;7.7;7.6
2014;new;subtidal;Voronya;21.3;4.8;8.5
2014;new;subtidal;Voronya;19.7;2.3;4.2
2014;new;subtidal;Voronya;9.6;0;3.4
2014;new;subtidal;Voronya;14.1;2.2;3.1
2014;new;subtidal;Voronya;14.8;2;3.1
2014;new;subtidal;Voronya;12.5;4.2;4.5
2014;new;subtidal;Voronya;14.8;0;6.7
2014;new;subtidal;Voronya;15.6;0;6.4
2014;new;subtidal;Voronya;13.9;4.4;6.1
2014;new;subtidal;Voronya;15.7;3.3;3.3
2014;new;subtidal;Voronya;15.5;3.3;5.7
2014;new;subtidal;Voronya;13.4;0;6.1
2014;new;subtidal;Voronya;11.2;3.4;5.2
2014;new;subtidal;Voronya;13.6;4.8;5.6
2014;new;subtidal;Voronya;13.6;0;5.3
2014;new;subtidal;Voronya;14.3;0;5.8
2014;new;subtidal;Voronya;14.7;3.5;5.6
2014;new;subtidal;Voronya;12.8;0;4.8
2014;new;subtidal;Voronya;10.9;2.6;4.4
2014;new;subtidal;Voronya;14.1;5;6.2
2014;new;subtidal;Voronya;12.2;3.7;4.3
2014;new;subtidal;Voronya;10.6;2.4;4.1
2014;new;subtidal;Voronya;13;3.7;4.5
2014;new;subtidal;Voronya;11;4.4;4.4
2014;new;subtidal;Voronya;11.5;3.1;4.2
2014;new;subtidal;Voronya;13.3;0;6.1
2014;new;subtidal;Voronya;14.1;5.4;5.6
2014;new;subtidal;Voronya;13.2;3.1;5.2
2014;new;subtidal;Voronya;11.3;0;4.2
2014;new;subtidal;Voronya;10.6;3.1;4.2
2014;new;subtidal;Voronya;15.3;2.3;6.2
2014;new;subtidal;Voronya;13.2;4;5.6
2014;new;subtidal;Voronya;15.7;5.1;6.7
2014;new;subtidal;Voronya;17.1;4.1;7.6
2014;new;subtidal;Voronya;10.4;2.2;4.7
2014;new;subtidal;Voronya;13.8;0;5.3
2014;new;subtidal;Voronya;13.7;4.4;5.6
2014;new;subtidal;Voronya;13.5;1.9;5.9
2014;new;subtidal;Voronya;15.1;3.6;6.2
2014;new;subtidal;Voronya;12.2;0;5.3
2014;new;subtidal;Voronya;10.9;4.1;5.3
2014;new;subtidal;Voronya;10.1;4;4.2
2014;new;subtidal;Voronya;15.8;6.7;7.1
2014;new;subtidal;Voronya;14.3;3.9;6.2
2014;new;subtidal;Voronya;12.9;4.2;5.3
2014;new;subtidal;Voronya;11.8;3.6;5.1
2014;new;subtidal;Voronya;12.4;0;6.1
2014;new;subtidal;Voronya;12.4;0;4
2014;new;subtidal;Voronya;11.7;3.4;4.3
2014;new;subtidal;Voronya;11.1;2.7;4.1
2014;new;subtidal;Voronya;13.1;0;4.5
2014;new;subtidal;Voronya;13.6;4;4.6
2014;new;subtidal;Voronya;11.5;3.4;4.6
2014;new;subtidal;Voronya;10.6;4.9;5.3
2014;new;subtidal;Voronya;9.5;1.8;3.6
2014;new;subtidal;Voronya;14.4;0;5.5
2014;new;subtidal;Voronya;13.9;0;5.7
2014;new;subtidal;Voronya;15;3.4;6.1
2014;new;subtidal;Voronya;13.1;0;5.1
2014;new;subtidal;Voronya;15.4;0;6.2
2014;new;subtidal;Voronya;14.6;0;5.8
2014;new;subtidal;Voronya;10;0;3.5
2014;new;subtidal;Voronya;11.7;0;5.2
2014;new;subtidal;Voronya;14.4;0;7
2014;new;subtidal;Voronya;14.2;4.1;5.8
2014;new;subtidal;Voronya;12.9;0;4.8
2014;new;subtidal;Voronya;12.5;4.6;4.6
2014;new;subtidal;Voronya;13.3;3.8;5.3
2014;new;subtidal;Voronya;14.1;4;5.7
2014;new;subtidal;Voronya;13.3;0;4.7
2014;new;subtidal;Voronya;13.5;0;6
2014;new;subtidal;Voronya;12.8;3.9;5.6
2014;new;subtidal;Voronya;13.1;2.2;4.6
2014;new;subtidal;Voronya;13.1;2.5;4.7
2014;new;subtidal;Voronya;13.1;0;4.2
2014;new;subtidal;Voronya;13;1.5;4.1
2014;new;subtidal;Voronya;11.6;0;3.6
2014;new;subtidal;Voronya;11.2;0;3.5
2014;new;subtidal;Voronya;12.9;2.5;4.2
2014;new;subtidal;Voronya;12.1;5.3;5.4
2014;new;subtidal;Voronya;10.8;4.2;4.2
2014;new;subtidal;Voronya;12.8;3.5;4.5
2014;new;subtidal;Voronya;11.8;3.8;4.2
2014;new;subtidal;Voronya;13.3;0;5.2
2014;new;subtidal;Voronya;9.6;0;3.6
2014;new;subtidal;Voronya;10.3;2.3;4.7
2014;new;subtidal;Voronya;10.4;0;4.1
2014;new;subtidal;Voronya;9.6;2.2;3.9
2014;new;subtidal;Voronya;10.6;3;4.2
2014;new;subtidal;Voronya;11.4;2.2;4.3
2014;new;subtidal;Voronya;11.6;0;5.1
2014;new;subtidal;Voronya;11.1;3.4;4.3
2014;new;subtidal;Voronya;13.1;4.8;4.9
2014;new;subtidal;Voronya;9.6;3.1;3.6
2014;new;subtidal;Voronya;10.1;0;4.2
2014;new;subtidal;Voronya;14;0;4.1
2014;new;subtidal;Voronya;10.1;0;4.2
2014;new;subtidal;Voronya;10.9;0;4.2
2014;new;subtidal;Voronya;11.6;0;4.5
2014;new;subtidal;Voronya;9.6;2.6;4.2
2014;new;subtidal;Voronya;10.4;2.5;4.6
2014;new;subtidal;Voronya;10.9;4.9;4.6
2014;new;subtidal;Voronya;9.8;0;3.9
2014;new;subtidal;Voronya;10.7;1.5;4.6
2014;new;subtidal;Voronya;8.9;2;3.6
2014;new;subtidal;Voronya;12.1;2.6;4.7
2014;new;subtidal;Voronya;9.6;4.1;4
2014;new;subtidal;Voronya;9.8;0;3.8
2014;new;subtidal;Voronya;11;0;3.9
2014;new;subtidal;Voronya;11.8;0;4.3
2014;new;subtidal;Voronya;12.1;0;4.6
2014;new;subtidal;Voronya;11.1;4.5;4.7
2014;new;subtidal;Voronya;9.3;3.1;4.1
2014;new;subtidal;Voronya;10.2;0;4.1
2014;new;subtidal;Voronya;10.6;3.6;4.6
2014;new;subtidal;Voronya;10.5;0;3.5
2014;new;subtidal;Voronya;12.1;3.9;4.8
2014;new;subtidal;Voronya;10.9;0;4.8
2014;new;subtidal;Voronya;9.5;2.2;4.1
2014;new;subtidal;Voronya;10.9;0;5.6
2014;new;subtidal;Voronya;11.4;1.1;4.3
2014;new;subtidal;Voronya;10.7;2.1;4.3
2014;new;subtidal;Voronya;9.6;3.3;4.1
2014;new;subtidal;Voronya;11.2;4.8;5.1
2014;new;subtidal;Voronya;10.1;0;3.7
2014;new;subtidal;Voronya;11;4.1;5
2014;new;subtidal;Voronya;13.3;2.6;5.6
2014;new;subtidal;Voronya;11.2;2.3;4.1
2014;new;subtidal;Voronya;10.6;3.7;3.7
2014;new;subtidal;Voronya;11.2;3.1;4.9
2014;new;subtidal;Voronya;11.2;0;4.2
2014;new;subtidal;Voronya;8.9;2.3;3.8
2014;new;subtidal;Voronya;9.3;1.3;4.1
2014;new;subtidal;Voronya;12.4;0;5
2014;new;subtidal;Voronya;9.8;1.2;3.2
2014;new;subtidal;Voronya;11;0;3.5
2014;new;subtidal;Voronya;11.9;0;4.3
2014;new;subtidal;Voronya;13.3;3;5.2
2014;new;subtidal;Voronya;11.9;2.1;4.8
2014;new;subtidal;Voronya;10.2;1.5;4.2
2014;new;subtidal;Voronya;10.6;2;3.6
2014;new;subtidal;Voronya;12.5;4.2;5.3
2014;new;subtidal;Voronya;11;2.4;4
2014;new;subtidal;Voronya;11.3;2;4.3
2014;new;subtidal;Voronya;10.9;3.9;4.3
2014;new;subtidal;Voronya;11.6;2.2;4.8
2014;new;subtidal;Voronya;11.1;0;4.7
2014;new;subtidal;Voronya;11.7;3.9;5.1
2014;new;subtidal;Voronya;10.4;0;3.1
2014;new;subtidal;Voronya;12.2;0;4.7
2014;new;subtidal;Voronya;10.8;3.1;4.5
2014;new;subtidal;Voronya;9;3.3;3.6
2014;new;subtidal;Voronya;9.2;2.5;3.6
2014;new;subtidal;Voronya;9.6;2.6;3.7
2014;new;subtidal;Voronya;9.4;3.2;4.1
2014;new;subtidal;Voronya;10.1;2.1;4.3
2014;new;subtidal;Voronya;11.9;0;4.6
2014;new;subtidal;Voronya;10.4;3.8;4.4
2014;new;subtidal;Voronya;10.1;2.2;4.1
2014;new;subtidal;Voronya;9.3;0;3.8
2014;new;subtidal;Voronya;10.3;0;4.5
2014;new;subtidal;Voronya;10.2;0;3.9
2014;new;subtidal;Voronya;9.4;3.4;4.3
2014;new;subtidal;Voronya;9.6;0;4.3
2014;new;subtidal;Voronya;9.7;0;2.5
2014;new;subtidal;Voronya;9.2;2.5;4.2
2014;new;subtidal;Voronya;10.1;3.6;3.6
2014;new;subtidal;Voronya;10.9;0;4
2014;new;subtidal;Voronya;10.1;0;3.6
2014;new;subtidal;Voronya;13.1;0;4.6
2014;new;subtidal;Voronya;10.8;3.1;4
2014;new;subtidal;Voronya;11.3;4.6;4.1
2014;new;subtidal;Voronya;10.7;1.6;4.2
2014;new;subtidal;Voronya;9.5;0;3.7
2014;new;subtidal;Voronya;9;2;3
2014;new;subtidal;Voronya;10.7;4;4.1
2014;new;subtidal;Voronya;9.4;2.2;3.6
2014;new;subtidal;Voronya;11.6;0;5
2014;new;subtidal;Voronya;8.9;3.2;3.1
2014;new;subtidal;Voronya;9.3;0;3.7
2014;new;subtidal;Voronya;9.7;2.1;3.7
2014;new;subtidal;Voronya;9.3;3.4;3.7
2014;new;subtidal;Voronya;8.3;1.8;3
2014;new;subtidal;Voronya;7.9;1.9;3
2014;new;subtidal;Voronya;8.4;0;4.1
2014;new;subtidal;Voronya;9.8;0;3.9
2014;new;subtidal;Voronya;11.3;3.1;5.2
2014;new;subtidal;Voronya;9.2;3.2;4.2
2014;new;subtidal;Voronya;9.8;2.6;3.6
2014;new;subtidal;Voronya;9.8;2.2;4.4
2014;new;subtidal;Voronya;10.9;2.9;3.7
2014;new;subtidal;Voronya;10.1;0;3.6
2014;new;subtidal;Voronya;10;0;5.1
2014;new;subtidal;Voronya;10;3.6;3.8
2014;new;subtidal;Voronya;9.9;0;4.1
2014;new;subtidal;Voronya;11.1;0;4.8
2014;new;subtidal;Voronya;10.3;3;3.5
2014;new;subtidal;Voronya;9.7;0;3.2
2014;new;subtidal;Voronya;9.4;3.2;4.3
2014;new;subtidal;Voronya;9.6;2.9;3.6
2014;new;subtidal;Voronya;9.8;3.2;4.9
2014;new;subtidal;Voronya;9.2;3.4;3.7
2014;new;subtidal;Voronya;8.7;0;3.7
2014;new;subtidal;Voronya;8.6;3.2;3.5
2014;new;subtidal;Voronya;9.9;0;3.9
2014;new;subtidal;Voronya;9.5;2.2;3.7
2014;new;subtidal;Voronya;9;3.2;3.5
2014;new;subtidal;Voronya;8.9;1.8;3.4
2014;new;subtidal;Voronya;9;3.1;3.2
2014;new;subtidal;Voronya;8.1;2.5;3.1
2014;new;subtidal;Voronya;9.6;3.4;4.3
2014;new;subtidal;Voronya;11.6;0;4.5
2014;new;subtidal;Voronya;11.7;3.5;4.7
2014;new;subtidal;Voronya;9.4;0;4.2
2014;new;subtidal;Voronya;10.6;0;4
2014;new;subtidal;Voronya;11.2;2.1;4.1
2014;new;subtidal;Voronya;10.3;2.4;3.2
2014;new;subtidal;Voronya;9.9;3.7;3.8
2014;new;subtidal;Voronya;10.3;0;3.7
2014;new;subtidal;Voronya;10.5;0;4
2014;new;subtidal;Voronya;11.2;2;3.5
2014;new;subtidal;Voronya;11.6;2.6;3.6
2014;new;subtidal;Voronya;10.7;0;3.5
2014;new;subtidal;Voronya;10;0;3.2
2014;new;subtidal;Voronya;10.7;2.7;4.1
2014;new;subtidal;Voronya;9.6;1.7;3.8
2014;new;subtidal;Voronya;9.5;2.1;4.3
2014;new;subtidal;Voronya;9.3;0;4
2014;new;subtidal;Voronya;9.4;2.1;3.4
2014;new;subtidal;Voronya;9.7;3.7;3.7
2014;new;subtidal;Voronya;9;0;3.4
2014;new;subtidal;Voronya;8.9;1.2;3.7
2014;new;subtidal;Voronya;9.5;0;3.2
2014;new;subtidal;Voronya;8.1;1.7;2.6
2014;new;subtidal;Voronya;10.5;2.2;4.5
2014;new;subtidal;Voronya;8.4;0;2.8
2014;new;subtidal;Voronya;7.5;3.1;3.2
2014;new;subtidal;Voronya;9.4;1.5;3.2
2014;new;subtidal;Voronya;8;2.5;3
2014;new;subtidal;Voronya;8.2;2.4;4.2
2014;new;subtidal;Voronya;6.3;1.5;2.5
2014;new;subtidal;Voronya;11.2;0;4.2
2014;new;subtidal;Voronya;9.3;1.7;3.9
2014;new;subtidal;Voronya;8;2.8;3.5
2014;new;subtidal;Voronya;7.4;0;2.5
2014;new;subtidal;Voronya;8.1;0;3.1
2014;new;subtidal;Voronya;10.3;0;3.6
2014;new;subtidal;Voronya;9.5;1.5;3.5
2014;new;subtidal;Voronya;14.2;3;5.2
2014;new;subtidal;Voronya;7.3;2.1;3.4
2014;new;subtidal;Voronya;9.3;0;4
2014;new;subtidal;Voronya;8;1.5;3.4
2014;new;subtidal;Voronya;7.6;2.2;2.6
2014;new;subtidal;Voronya;7;3.3;3.6
2014;new;subtidal;Voronya;10;2.3;3.6
2014;new;intertidal;ZRS;13;3.8;6
2014;new;intertidal;ZRS;13;0;6.4
2014;new;intertidal;ZRS;13;7;7.4
2014;new;intertidal;ZRS;13;3.4;5.7
2014;new;intertidal;ZRS;13;2.9;5.8
2014;new;intertidal;ZRS;13;3;5.5
2014;new;intertidal;ZRS;13;0;5.3
2014;new;intertidal;ZRS;13;4.4;5.8
2014;new;intertidal;ZRS;13;0;6.2
2014;new;intertidal;ZRS;13;0;4.8
2014;new;intertidal;ZRS;13;0;6.1
2014;new;intertidal;ZRS;13;0;4.2
2014;new;intertidal;ZRS;13;3.8;5
2014;new;intertidal;ZRS;13;2.7;5.1
2014;new;intertidal;ZRS;13;0;5.1
2014;new;intertidal;ZRS;13;0;3.8
2014;new;intertidal;ZRS;13;3.3;6.3
2014;new;intertidal;ZRS;13;0;5.8
2014;new;intertidal;ZRS;13;0;5.9
2014;new;intertidal;ZRS;13;5.4;5.9
2014;new;intertidal;ZRS;13;0;5.9
2014;new;intertidal;ZRS;13;0;5.9
2014;new;intertidal;ZRS;13;3.7;6.4
2014;new;intertidal;ZRS;13;2.5;4.8
2014;new;intertidal;ZRS;13;3.7;5.3
2014;new;intertidal;ZRS;13;3.5;5.6
2014;new;intertidal;ZRS;13;3;5.6
2014;new;intertidal;ZRS;13;3.3;4.8
2014;new;intertidal;ZRS;13;3.5;4.8
2014;new;intertidal;ZRS;13;3.4;4.3
2014;new;intertidal;ZRS;13;0;4.2
2014;new;intertidal;ZRS;13;5.3;7.1
2014;new;intertidal;ZRS;13;6.5;6.7
2014;new;intertidal;ZRS;13;4.9;6.6
2014;new;intertidal;ZRS;13;0;6.1
2014;new;intertidal;ZRS;13;3;5.7
2014;new;intertidal;ZRS;13;4.3;6.8
2014;new;intertidal;ZRS;13;2.4;5.8
2014;new;intertidal;ZRS;13;0;5.7
2014;new;intertidal;ZRS;13;6.9;7.1
2014;new;intertidal;ZRS;13;0;5.3
2014;new;intertidal;ZRS;13;3.7;5.7
2014;new;intertidal;ZRS;13;4.6;5.5
2014;new;intertidal;ZRS;13;4;5.9
2014;new;intertidal;ZRS;13;2.7;4.8
2014;new;intertidal;ZRS;13;0;4.3
2014;new;intertidal;ZRS;18;0;7.1
2014;new;intertidal;ZRS;18;0;2.7
2014;new;intertidal;ZRS;18;8.4;8.7
2014;new;intertidal;ZRS;18;0;7.6
2014;new;intertidal;ZRS;18;8.7;8.7
2014;new;intertidal;ZRS;18;0;8.1
2014;new;intertidal;ZRS;18;8.1;7.6
2014;new;intertidal;ZRS;18;3.6;7.6
2014;new;intertidal;ZRS;18;5;7.1
2014;new;intertidal;ZRS;18;0;6.1
2014;new;intertidal;ZRS;18;5.3;7.3
2014;new;intertidal;ZRS;18;0;7.4
2014;new;intertidal;ZRS;18;0;7.8
2014;new;intertidal;ZRS;18;7.2;8.9
2014;new;intertidal;ZRS;18;0;7.8
2014;new;intertidal;ZRS;18;0;7.8
2014;new;intertidal;ZRS;18;5.4;8.7
2014;new;intertidal;ZRS;18;0;7.4
2014;new;intertidal;ZRS;18;6.8;8.4
2014;new;intertidal;ZRS;18;9.3;10
2014;new;intertidal;ZRS;18;0;7.7
2014;new;intertidal;ZRS;18;4.4;8.2
2014;new;intertidal;ZRS;18;3.9;6.2
2014;new;intertidal;ZRS;18;3.8;6.7
2014;new;intertidal;ZRS;18;7.5;8.2
2014;new;intertidal;ZRS;18;0;7.5
2014;new;intertidal;ZRS;18;0;8.4
2014;new;intertidal;ZRS;18;0;7.1
2014;new;intertidal;ZRS;18;8.4;8.6
2014;new;intertidal;ZRS;18;6.7;8.4
2014;new;intertidal;ZRS;18;0;7.7
2014;new;intertidal;ZRS;18;3.9;6.8
2014;new;intertidal;ZRS;18;6.9;7.3
2014;new;intertidal;ZRS;18;0;7.3
2014;new;intertidal;ZRS;18;0;5.8
2014;new;intertidal;ZRS;18;5.7;7.6
2014;new;intertidal;ZRS;18;0;6.4
2014;new;intertidal;ZRS;18;4.5;6.8
2014;new;intertidal;ZRS;18;3;5.6
2014;new;intertidal;ZRS;18;0;6.4
2014;new;intertidal;ZRS;18;6.1;6.7
2014;new;intertidal;ZRS;18;0;6.7
2014;new;intertidal;ZRS;18;3.2;6.3
2014;new;intertidal;ZRS;18;3.3;5.4
2014;new;intertidal;ZRS;18;3.7;6
2014;new;intertidal;ZRS;18;6.7;6.8
2014;new;intertidal;ZRS;18;0;5.9
2014;new;intertidal;ZRS;18;4.3;7.2
2014;new;intertidal;ZRS;18;3.3;6.8
2014;new;intertidal;ZRS;18;0;7.2
2014;new;intertidal;ZRS;18;6.4;6.6
2014;new;intertidal;ZRS;23;9.5;10.2
2014;new;intertidal;ZRS;23;9.2;11
2014;new;intertidal;ZRS;23;10.2;10.3
2014;new;intertidal;ZRS;23;11.9;12.3
2014;new;intertidal;ZRS;23;0;9
2014;new;intertidal;ZRS;23;8.3;8.6
2014;new;intertidal;ZRS;23;0;9.2
2014;new;intertidal;ZRS;23;8.8;9.2
2014;new;intertidal;ZRS;23;0;9.2
2014;new;intertidal;ZRS;23;8.5;8.4
2014;new;intertidal;ZRS;23;11.2;11
2014;new;intertidal;ZRS;23;12;11.6
2014;new;intertidal;ZRS;23;6.2;10.2
2014;new;intertidal;ZRS;23;4.5;9.2
2014;new;intertidal;ZRS;23;0;9.3
2014;new;intertidal;ZRS;23;0;8.7
2014;new;intertidal;ZRS;23;9;9.1
2014;new;intertidal;ZRS;23;10.7;10.8
2014;new;intertidal;ZRS;23;9;9
2014;new;intertidal;ZRS;23;0;9.3
2014;new;intertidal;ZRS;23;0;9.8
2014;new;intertidal;ZRS;23;0;9.2
2014;new;intertidal;ZRS;23;9.1;10.2
2014;new;intertidal;ZRS;23;9.9;10
2014;new;intertidal;ZRS;23;0;9.7
2014;new;intertidal;ZRS;23;7.6;10.3
2014;new;intertidal;ZRS;23;10.5;10.7
2014;new;intertidal;ZRS;23;0;9.6
2014;new;intertidal;ZRS;23;8.9;8.7
2014;new;intertidal;ZRS;23;0;9.6
2014;new;intertidal;ZRS;28;5.6;12.4
2014;new;intertidal;ZRS;28;11.5;12.4
2014;new;intertidal;ZRS;28;12.2;12.5
2014;new;intertidal;ZRS;28;13.5;14.1
2014;new;intertidal;ZRS;28;10.2;13.7
2014;new;intertidal;ZRS;28;11.4;11.6
2014;new;intertidal;ZRS;28;11.2;11.7
2014;new;intertidal;ZRS;28;4.9;11.5
2014;new;intertidal;ZRS;28;12.4;12.4
2014;new;intertidal;ZRS;13;4.3;7.3
2014;new;intertidal;ZRS;13;0;6.1
2014;new;intertidal;ZRS;13;6.5;6.8
2014;new;intertidal;ZRS;13;5.1;6.3
2014;new;intertidal;ZRS;13;5.8;6.2
2014;new;intertidal;ZRS;13;6.4;6.3
2014;new;intertidal;ZRS;13;5.8;7.4
2014;new;intertidal;ZRS;13;0;6.2
2014;new;intertidal;ZRS;13;0;6.4
2014;new;intertidal;ZRS;13;0;6.7
2014;new;intertidal;ZRS;13;4.7;6.7
2014;new;intertidal;ZRS;13;4.2;6.1
2014;new;intertidal;ZRS;13;0;6.1
2014;new;intertidal;ZRS;13;5.8;5.2
2014;new;intertidal;ZRS;13;4.6;4.7
2014;new;intertidal;ZRS;13;5.4;6.6
2014;new;intertidal;ZRS;13;6.7;6.8
2014;new;intertidal;ZRS;13;0;5.2
2014;new;intertidal;ZRS;13;0;6
2014;new;intertidal;ZRS;13;4.6;6.4
2014;new;intertidal;ZRS;13;6.3;6.8
2014;new;intertidal;ZRS;13;7;7.7
2014;new;intertidal;ZRS;13;0;6.1
2014;new;intertidal;ZRS;13;0;5.9
2014;new;intertidal;ZRS;13;0;5.3
2014;new;intertidal;ZRS;13;3.7;6
2014;new;intertidal;ZRS;13;5.4;5.6
2014;new;intertidal;ZRS;13;0;5.7
2014;new;intertidal;ZRS;13;3;5.2
2014;new;intertidal;ZRS;13;2.5;5
2014;new;intertidal;ZRS;13;6.3;7.5
2014;new;intertidal;ZRS;13;7.3;7.3
2014;new;intertidal;ZRS;13;0;6.3
2014;new;intertidal;ZRS;13;4.6;6.2
2014;new;intertidal;ZRS;13;6.2;7.3
2014;new;intertidal;ZRS;13;3.8;7
2014;new;intertidal;ZRS;13;2.9;5.8
2014;new;intertidal;ZRS;13;2.7;5.7
2014;new;intertidal;ZRS;13;0;5.2
2014;new;intertidal;ZRS;13;6.2;6.7
2014;new;intertidal;ZRS;13;5.5;7.5
2014;new;intertidal;ZRS;13;5.6;5.9
2014;new;intertidal;ZRS;13;4.7;5.4
2014;new;intertidal;ZRS;13;4.1;5.2
2014;new;intertidal;ZRS;13;2.8;4.9
2014;new;intertidal;ZRS;18;0;9.5
2014;new;intertidal;ZRS;18;8.2;9.8
2014;new;intertidal;ZRS;18;7.4;9.4
2014;new;intertidal;ZRS;18;9.1;9.4
2014;new;intertidal;ZRS;18;9.2;9.3
2014;new;intertidal;ZRS;18;7.2;8.1
2014;new;intertidal;ZRS;18;8;8.3
2014;new;intertidal;ZRS;18;0;8.1
2014;new;intertidal;ZRS;18;9;9
2014;new;intertidal;ZRS;18;7.3;9
2014;new;intertidal;ZRS;18;0;6.9
2014;new;intertidal;ZRS;18;8.6;8.6
2014;new;intertidal;ZRS;18;8.8;9.2
2014;new;intertidal;ZRS;18;6.9;8.7
2014;new;intertidal;ZRS;18;8.1;8.3
2014;new;intertidal;ZRS;18;7.5;8.5
2014;new;intertidal;ZRS;18;6;7
2014;new;intertidal;ZRS;18;8.2;10
2014;new;intertidal;ZRS;18;9.7;9.9
2014;new;intertidal;ZRS;18;10.6;10.6
2014;new;intertidal;ZRS;18;11.1;10.6
2014;new;intertidal;ZRS;18;5.7;8.2
2014;new;intertidal;ZRS;18;4.9;8.6
2014;new;intertidal;ZRS;18;9.8;9.9
2014;new;intertidal;ZRS;18;7.3;8.6
2014;new;intertidal;ZRS;18;8.8;8.9
2014;new;intertidal;ZRS;18;8.5;8.6
2014;new;intertidal;ZRS;18;9;9
2014;new;intertidal;ZRS;18;8.2;8.4
2014;new;intertidal;ZRS;18;7.4;8.6
2014;new;intertidal;ZRS;18;7.4;7.8
2014;new;intertidal;ZRS;18;0;4.1
2014;new;intertidal;ZRS;18;10;10
2014;new;intertidal;ZRS;18;6;6.5
2014;new;intertidal;ZRS;18;8.3;9.1
2014;new;intertidal;ZRS;18;10;10.1
2014;new;intertidal;ZRS;18;8.4;8.6
2014;new;intertidal;ZRS;18;0;8.6
2014;new;intertidal;ZRS;18;7.5;7.7
2014;new;intertidal;ZRS;18;8.4;8.7
2014;new;intertidal;ZRS;18;8.5;9.3
2014;new;intertidal;ZRS;18;7.9;8
2014;new;intertidal;ZRS;18;8.7;9.2
2014;new;intertidal;ZRS;18;8.3;8.3
2014;new;intertidal;ZRS;18;7.3;7.6
2014;new;intertidal;ZRS;18;7.6;8.2
2014;new;intertidal;ZRS;18;9.8;10.1
2014;new;intertidal;ZRS;18;5.2;7.6
2014;new;intertidal;ZRS;18;8.1;8.4
2014;new;intertidal;ZRS;18;0;7.3
2014;new;intertidal;ZRS;23;0;9.1
2014;new;intertidal;ZRS;23;11.2;11
2014;new;intertidal;ZRS;23;6.6;11.3
2014;new;intertidal;ZRS;23;11.8;12.4
2014;new;intertidal;ZRS;23;10.4;10.6
2014;new;intertidal;ZRS;23;10.8;11.9
2014;new;intertidal;ZRS;23;7.3;10.8
2014;new;intertidal;ZRS;23;7.5;10.3
2014;new;intertidal;ZRS;23;11.5;11.7
2014;new;intertidal;ZRS;23;8.9;9.4
2014;new;intertidal;ZRS;23;13;12.7
2014;new;intertidal;ZRS;23;10.9;11.3
2014;new;intertidal;ZRS;23;11.7;12
2014;new;intertidal;ZRS;23;8.1;9.2
2014;new;intertidal;ZRS;23;11.4;11.3
2014;new;intertidal;ZRS;23;13.2;13.4
2014;new;intertidal;ZRS;23;7.4;9.5
2014;new;intertidal;ZRS;23;12.2;13.1
2014;new;intertidal;ZRS;23;12.3;12.5
2014;new;intertidal;ZRS;23;13.3;13.5
2014;new;intertidal;ZRS;23;10.4;10.5
2014;new;intertidal;ZRS;23;8.7;9.3
2014;new;intertidal;ZRS;23;8;9.5
2014;new;intertidal;ZRS;23;6.7;11.3
2014;new;intertidal;ZRS;23;11.8;12
2014;new;intertidal;ZRS;23;9.7;9.7
2014;new;intertidal;ZRS;23;11;11.5
2014;new;intertidal;ZRS;23;12;12.4
2014;new;intertidal;ZRS;23;11;11
2014;new;intertidal;ZRS;28;0;9.1
2014;new;intertidal;ZRS;28;0;9.1
2014;new;intertidal;ZRS;28;12.3;12.4
2014;new;intertidal;ZRS;28;14.2;14.2
2014;new;intertidal;ZRS;28;13.9;14
2014;new;intertidal;ZRS;28;12;12.2
2014;new;intertidal;ZRS;28;11.7;12
2014;new;intertidal;ZRS;28;12.2;13.2
2014;new;intertidal;ZRS;28;14;14
2014;new;intertidal;ZRS;28;15.3;15.5
2014;new;intertidal;ZRS;28;13.2;13.2
2014;new;intertidal;ZRS;28;13.2;13.2
2014;new;intertidal;ZRS;28;13.2;12.3
2014;new;intertidal;ZRS;28;12.9;13.3
2014;new;intertidal;ZRS;28;7.5;11.4
2014;new;intertidal;ZRS;28;11.5;13.5
2014;new;intertidal;ZRS;28;11.2;11.4
2014;new;intertidal;ZRS;28;9.7;12
2014;new;intertidal;ZRS;28;13.3;13.5
2014;new;intertidal;ZRS;28;14.4;14.6
2014;new;intertidal;ZRS;28;9.5;12.2
2014;new;intertidal;ZRS;28;12.5;13
2014;new;intertidal;ZRS;28;10.8;10.9
2014;new;intertidal;ZRS;28;13.4;13.4
2014;new;intertidal;ZRS;28;10.7;10.9
2014;new;intertidal;ZRS;28;14.2;14.5
2014;new;intertidal;ZRS;28;13;13
2014;new;intertidal;ZRS;28;13.5;14.7
2014;new;intertidal;ZRS;28;13.4;13.8
2014;new;intertidal;ZRS;33;9;12.4
2014;new;intertidal;ZRS;33;11.3;12.9
2014;new;intertidal;ZRS;33;11.5;13
2014;new;intertidal;ZRS;33;12.8;15.3
2014;new;intertidal;ZRS;33;13;15.5
2014;new;intertidal;ZRS;33;17;17.1
2014;new;intertidal;ZRS;33;15.3;15.3
2014;new;intertidal;ZRS;33;14.8;15
2014;new;intertidal;ZRS;33;16.9;17.4
2014;new;intertidal;ZRS;33;12;12.4
2014;new;intertidal;ZRS;33;13;15.4
2014;new;intertidal;ZRS;13;4.7;6.1
2014;new;intertidal;ZRS;13;3.4;4.6
2014;new;intertidal;ZRS;13;3.3;5.7
2014;new;intertidal;ZRS;13;2.2;4.1
2014;new;intertidal;ZRS;13;2.3;3.8
2014;new;intertidal;ZRS;13;3.2;5.3
2014;new;intertidal;ZRS;13;3.5;5.6
2014;new;intertidal;ZRS;13;3.1;4.6
2014;new;intertidal;ZRS;13;3.7;4.3
2014;new;intertidal;ZRS;13;2.6;3.1
2014;new;intertidal;ZRS;13;5.1;5.3
2014;new;intertidal;ZRS;NA;7.6;9.2
2014;new;intertidal;ZRS;13;2.3;4.3
2014;new;intertidal;ZRS;13;1.2;4.1
2014;new;intertidal;ZRS;13;2.2;4.3
2014;new;intertidal;ZRS;13;4.8;5.2
2014;new;intertidal;ZRS;13;4.2;4.5
2014;new;intertidal;ZRS;13;2.2;4.2
2014;new;intertidal;ZRS;NA;3.7;8.4
2014;new;intertidal;ZRS;13;2.5;4.2
2014;new;intertidal;ZRS;13;3.3;4.8
2014;new;intertidal;ZRS;13;3.5;4.3
2014;new;intertidal;ZRS;13;1.7;4.3
2014;new;intertidal;ZRS;13;2.2;3.9
2014;new;intertidal;ZRS;13;2.5;6.3
2014;new;intertidal;ZRS;13;0;6
2014;new;intertidal;ZRS;13;0;6
2014;new;intertidal;ZRS;13;0;6
2014;new;intertidal;ZRS;13;0;6
2014;new;intertidal;ZRS;13;0;6
2014;new;intertidal;ZRS;13;0;6
2014;new;intertidal;ZRS;13;0;6
2014;new;intertidal;ZRS;13;0;6
2014;new;intertidal;ZRS;13;0;6
2014;new;intertidal;ZRS;13;0;6
2014;new;intertidal;ZRS;13;0;6
2014;new;intertidal;ZRS;13;0;6
2014;new;intertidal;ZRS;13;0;6
2014;new;intertidal;ZRS;13;0;6
2014;new;intertidal;ZRS;13;0;6
2014;new;intertidal;ZRS;13;0;6
2014;new;intertidal;ZRS;13;0;6
2014;new;intertidal;ZRS;13;0;6
2014;new;intertidal;ZRS;13;0;6
2014;new;intertidal;ZRS;13;0;6
2014;new;intertidal;ZRS;13;0;6
2014;new;intertidal;ZRS;13;0;6
2014;new;intertidal;ZRS;13;0;6
2014;new;intertidal;ZRS;13;0;6
2014;new;intertidal;ZRS;13;0;6
2014;new;intertidal;ZRS;18;4.2;8.7
2014;new;intertidal;ZRS;18;5.1;7.1
2014;new;intertidal;ZRS;18;7;7.4
2014;new;intertidal;ZRS;18;3.7;7.7
2014;new;intertidal;ZRS;18;6.9;7.1
2014;new;intertidal;ZRS;18;3.4;6.4
2014;new;intertidal;ZRS;18;5.9;7.2
2014;new;intertidal;ZRS;18;4.6;6.3
2014;new;intertidal;ZRS;18;3.2;6.7
2014;new;intertidal;ZRS;18;3.4;7.6
2014;new;intertidal;ZRS;18;6.6;7.6
2014;new;intertidal;ZRS;18;6.8;7.7
2014;new;intertidal;ZRS;18;6.2;6.7
2014;new;intertidal;ZRS;18;0;8
2014;new;intertidal;ZRS;18;0;8
2014;new;intertidal;ZRS;18;0;8
2014;new;intertidal;ZRS;18;0;8
2014;new;intertidal;ZRS;18;0;8
2014;new;intertidal;ZRS;18;0;8
2014;new;intertidal;ZRS;18;0;8
2014;new;intertidal;ZRS;18;0;8
2014;new;intertidal;ZRS;18;0;8
2014;new;intertidal;ZRS;18;0;8
2014;new;intertidal;ZRS;18;0;8
2014;new;intertidal;ZRS;18;0;8
2014;new;intertidal;ZRS;18;0;8
2014;new;intertidal;ZRS;18;0;8
2014;new;intertidal;ZRS;18;0;8
2014;new;intertidal;ZRS;18;0;8
2014;new;intertidal;ZRS;18;0;8
2014;new;intertidal;ZRS;23;8.3;9.4
2014;new;intertidal;ZRS;23;9.9;9.9
2014;new;intertidal;ZRS;23;6.7;8.7
2014;new;intertidal;ZRS;23;6.1;8.2
2014;new;intertidal;ZRS;23;4.6;7.9
2014;new;intertidal;ZRS;23;4.7;8.3
2014;new;intertidal;ZRS;23;8.7;8.7
2014;new;intertidal;ZRS;23;0;9
2014;new;intertidal;ZRS;23;0;9
2014;new;intertidal;ZRS;23;0;9
2014;new;intertidal;ZRS;23;0;9
2014;new;intertidal;ZRS;23;0;9
2014;new;intertidal;ZRS;13;4.2;5.7
2014;new;intertidal;ZRS;13;3;6.2
2014;new;intertidal;ZRS;13;5.3;6.7
2014;new;intertidal;ZRS;13;5.2;5.1
2014;new;intertidal;ZRS;13;3;4.8
2014;new;intertidal;ZRS;13;2.8;5.4
2014;new;intertidal;ZRS;13;5.8;6
2014;new;intertidal;ZRS;13;2.3;6.1
2014;new;intertidal;ZRS;13;3.3;5.1
2014;new;intertidal;ZRS;13;1.7;5.2
2014;new;intertidal;ZRS;13;1.7;4.1
2014;new;intertidal;ZRS;13;6.5;6.7
2014;new;intertidal;ZRS;13;4.7;4.8
2014;new;intertidal;ZRS;13;3.2;4.2
2014;new;intertidal;ZRS;13;3.4;4.5
2014;new;intertidal;ZRS;13;3.2;4.5
2014;new;intertidal;ZRS;13;2.6;4.9
2014;new;intertidal;ZRS;13;3.1;6.3
2014;new;intertidal;ZRS;13;2.9;6
2014;new;intertidal;ZRS;13;5.9;6.7
2014;new;intertidal;ZRS;13;4.9;5.7
2014;new;intertidal;ZRS;13;5;5.3
2014;new;intertidal;ZRS;13;5.4;6.3
2014;new;intertidal;ZRS;13;2.3;5.3
2014;new;intertidal;ZRS;13;6.3;6.2
2014;new;intertidal;ZRS;13;3.4;4.5
2014;new;intertidal;ZRS;13;4.3;7.1
2014;new;intertidal;ZRS;13;2.7;4.4
2014;new;intertidal;ZRS;13;5.5;6.1
2014;new;intertidal;ZRS;13;3.6;5.9
2014;new;intertidal;ZRS;13;3;3.6
2014;new;intertidal;ZRS;13;7.5;7.5
2014;new;intertidal;ZRS;13;3.4;5.6
2014;new;intertidal;ZRS;13;5;5.3
2014;new;intertidal;ZRS;13;2;5.9
2014;new;intertidal;ZRS;13;5.4;5.6
2014;new;intertidal;ZRS;13;3.1;4.2
2014;new;intertidal;ZRS;13;3.7;5.1
2014;new;intertidal;ZRS;13;3;3.7
2014;new;intertidal;ZRS;13;2.8;4.7
2014;new;intertidal;ZRS;13;3.5;4
2014;new;intertidal;ZRS;13;6.6;6.5
2014;new;intertidal;ZRS;13;3.6;5.6
2014;new;intertidal;ZRS;13;0;6
2014;new;intertidal;ZRS;13;0;6
2014;new;intertidal;ZRS;13;0;6
2014;new;intertidal;ZRS;13;0;6
2014;new;intertidal;ZRS;13;0;6
2014;new;intertidal;ZRS;13;0;6
2014;new;intertidal;ZRS;13;0;6
2014;new;intertidal;ZRS;13;0;6
2014;new;intertidal;ZRS;18;8.2;8.6
2014;new;intertidal;ZRS;18;8.1;8.3
2014;new;intertidal;ZRS;18;7.7;8.1
2014;new;intertidal;ZRS;18;7.6;8.1
2014;new;intertidal;ZRS;18;7.3;7.2
2014;new;intertidal;ZRS;18;7.6;7.8
2014;new;intertidal;ZRS;18;8.4;8.6
2014;new;intertidal;ZRS;18;7.9;8.3
2014;new;intertidal;ZRS;18;9.7;10.2
2014;new;intertidal;ZRS;18;7.3;7.5
2014;new;intertidal;ZRS;18;4.4;7.3
2014;new;intertidal;ZRS;18;8;8.2
2014;new;intertidal;ZRS;18;6.2;7.3
2014;new;intertidal;ZRS;18;8.2;8.2
2014;new;intertidal;ZRS;18;4.3;7.1
2014;new;intertidal;ZRS;18;5.2;6.2
2014;new;intertidal;ZRS;18;8.9;9.3
2014;new;intertidal;ZRS;18;8.6;8.3
2014;new;intertidal;ZRS;18;4;8.2
2014;new;intertidal;ZRS;18;8.6;8.6
2014;new;intertidal;ZRS;18;8;7.4
2014;new;intertidal;ZRS;18;2.7;7.1
2014;new;intertidal;ZRS;18;5.6;6.1
2014;new;intertidal;ZRS;18;4.9;7.7
2014;new;intertidal;ZRS;18;8.2;8.6
2014;new;intertidal;ZRS;18;3.6;8.4
2014;new;intertidal;ZRS;18;3.3;6.8
2014;new;intertidal;ZRS;18;7.7;8.3
2014;new;intertidal;ZRS;18;8.1;8.2
2014;new;intertidal;ZRS;18;3.8;6.2
2014;new;intertidal;ZRS;18;6.9;6.8
2014;new;intertidal;ZRS;18;8.6;8.8
2014;new;intertidal;ZRS;18;8.2;8.3
2014;new;intertidal;ZRS;18;8.4;8.6
2014;new;intertidal;ZRS;18;7.1;8.3
2014;new;intertidal;ZRS;18;6;8.3
2014;new;intertidal;ZRS;18;2.9;8.2
2014;new;intertidal;ZRS;18;2.9;7.4
2014;new;intertidal;ZRS;18;0;8
2014;new;intertidal;ZRS;18;0;8
2014;new;intertidal;ZRS;18;0;8
2014;new;intertidal;ZRS;18;0;8
2014;new;intertidal;ZRS;18;0;8
2014;new;intertidal;ZRS;18;0;8
2014;new;intertidal;ZRS;18;0;8
2014;new;intertidal;ZRS;18;0;8
2014;new;intertidal;ZRS;18;0;8
2014;new;intertidal;ZRS;18;0;8
2014;new;intertidal;ZRS;18;0;8
2014;new;intertidal;ZRS;18;0;8
2014;new;intertidal;ZRS;23;11.8;11.9
2014;new;intertidal;ZRS;23;6.4;10.1
2014;new;intertidal;ZRS;23;10.4;10.4
2014;new;intertidal;ZRS;23;9.9;10.1
2014;new;intertidal;ZRS;23;9.8;10.7
2014;new;intertidal;ZRS;23;9.4;9.5
2014;new;intertidal;ZRS;23;8.7;8.9
2014;new;intertidal;ZRS;23;6.3;8.6
2014;new;intertidal;ZRS;23;10.6;10.7
2014;new;intertidal;ZRS;23;8.4;8.7
2014;new;intertidal;ZRS;23;9.6;10.1
2014;new;intertidal;ZRS;23;9.1;9.6
2014;new;intertidal;ZRS;23;10.2;10.4
2014;new;intertidal;ZRS;23;10.4;11.2
2014;new;intertidal;ZRS;23;8;9.4
2014;new;intertidal;ZRS;23;9.2;10.1
2014;new;intertidal;ZRS;23;8.7;9
2014;new;intertidal;ZRS;23;7.2;9.3
2014;new;intertidal;ZRS;23;10.2;9.7
2014;new;intertidal;ZRS;23;10.9;10.5
2014;new;intertidal;ZRS;23;9.9;10
2014;new;intertidal;ZRS;23;10.2;10.6
2014;new;intertidal;ZRS;23;9.8;10.3
2014;new;intertidal;ZRS;23;10.9;10.8
2014;new;intertidal;ZRS;23;10.4;10.8
2014;new;intertidal;ZRS;23;10.3;11.3
2014;new;intertidal;ZRS;23;4.5;6
2014;new;intertidal;ZRS;23;7.6;8.6
2014;new;intertidal;ZRS;23;10.4;10.5
2014;new;intertidal;ZRS;23;10.3;11.3
2014;new;intertidal;ZRS;23;11.6;11.3
2014;new;intertidal;ZRS;23;9.4;9.7
2014;new;intertidal;ZRS;23;7.8;9.3
2014;new;intertidal;ZRS;23;9.6;10
2014;new;intertidal;ZRS;23;9.2;9.8
2014;new;intertidal;ZRS;23;6;9.7
2014;new;intertidal;ZRS;23;8.7;9.3
2014;new;intertidal;ZRS;23;8.8;9.9
2014;new;intertidal;ZRS;23;7.2;10.6
2014;new;intertidal;ZRS;23;10.2;10.3
2014;new;intertidal;ZRS;23;8.3;9.2
2014;new;intertidal;ZRS;23;8.1;10.4
2014;new;intertidal;ZRS;23;9.4;9.6
2014;new;intertidal;ZRS;23;9.3;9.5
2014;new;intertidal;ZRS;23;9.8;9.8
2014;new;intertidal;ZRS;23;0;9
2014;new;intertidal;ZRS;23;0;9
2014;new;intertidal;ZRS;23;0;9
2014;new;intertidal;ZRS;23;0;9
2014;new;intertidal;ZRS;23;0;9
2014;new;intertidal;ZRS;28;11.7;11.9
2014;new;intertidal;ZRS;28;11.4;11.8
2014;new;intertidal;ZRS;28;11.2;11.2
2014;new;intertidal;ZRS;28;12.1;12.1
2014;new;intertidal;ZRS;28;11.8;12
2014;new;intertidal;ZRS;28;10.2;10.7
2014;new;intertidal;ZRS;28;11.9;12
2014;new;intertidal;ZRS;28;11.8;11.8
2014;new;intertidal;ZRS;28;7.2;12.2
2014;new;intertidal;ZRS;28;4.1;10.7
2014;new;intertidal;ZRS;28;10.7;10.7
2014;new;intertidal;ZRS;28;11.2;11.6
2014;new;intertidal;ZRS;28;11.2;11.9
2014;new;intertidal;ZRS;28;11;11.7
2014;new;intertidal;ZRS;28;11.7;11.8
2014;new;intertidal;ZRS;28;12.4;12.8
2014;new;intertidal;ZRS;28;10.8;12.2
2014;new;intertidal;ZRS;28;10.9;11.2
2014;new;intertidal;ZRS;28;13.2;13
2014;new;intertidal;ZRS;28;12.3;13
2014;new;intertidal;ZRS;28;10.6;11
2014;new;intertidal;ZRS;28;11.3;10.8
2014;new;intertidal;ZRS;28;11.3;11.5
2014;new;intertidal;ZRS;28;10.5;11.3
2014;new;intertidal;ZRS;28;12;12.3
2014;new;intertidal;ZRS;28;11.9;12.3
2014;new;intertidal;ZRS;28;12.5;12.8
2014;new;intertidal;ZRS;28;11.9;11.8
2014;new;intertidal;ZRS;28;10.8;10.8
2014;new;intertidal;ZRS;28;10.7;10.9
2014;new;intertidal;ZRS;33;13.8;14
2014;new;intertidal;ZRS;33;12.3;12.6
2014;new;intertidal;ZRS;33;13.4;15.2
2014;new;intertidal;ZRS;33;12.2;14.1
2014;new;intertidal;ZRS;33;15.6;15.6
2014;new;intertidal;ZRS;33;12.1;14.5
2014;new;intertidal;ZRS;33;14.1;14.6
2014;new;intertidal;ZRS;33;14.1;12.2
2014;new;intertidal;ZRS;33;14.2;14.8
2014;new;intertidal;ZRS;33;11.1;13.2
2014;new;intertidal;ZRS;33;3.1;13
2014;new;intertidal;ZRS;33;10.1;13.8
2014;new;intertidal;ZRS;33;13.2;13.3
2014;new;intertidal;ZRS;33;12.8;14.3
2014;new;intertidal;ZRS;33;13.2;14.7
2014;new;intertidal;ZRS;33;14.7;14.8
2014;new;intertidal;ZRS;33;13.6;14.2
2014;new;intertidal;ZRS;33;14.3;14.4
2014;new;intertidal;ZRS;33;12.2;13.1
2014;new;intertidal;ZRS;33;12.5;14.5
2014;new;intertidal;ZRS;33;0;13
2014;new;intertidal;ZRS;38;16.9;17.8
2014;new;intertidal;ZRS;38;15.5;17.2
2014;new;intertidal;ZRS;38;10.4;14.2
2014;new;intertidal;ZRS;38;13.6;15.7
2014;new;intertidal;ZRS;38;16;16
2014;new;intertidal;ZRS;38;13.9;15.3
2014;new;intertidal;ZRS;38;13.4;16.2
2014;new;intertidal;Sukhaya;30.9;12.8;13.7
2014;new;intertidal;Sukhaya;17.8;5.2;7
2014;new;intertidal;Sukhaya;21.9;8.2;9.4
2014;new;intertidal;Sukhaya;21.3;5.6;9
2014;new;intertidal;Sukhaya;15.3;4.7;5.9
2014;new;intertidal;Sukhaya;28.7;8.5;13.1
2014;new;intertidal;Sukhaya;23;7.9;10.4
2014;new;intertidal;Sukhaya;21.2;7.4;9.3
2014;new;intertidal;Sukhaya;21.5;5.6;8.7
2014;new;intertidal;Sukhaya;16.9;4.4;7.2
2014;new;intertidal;Sukhaya;16.4;1.3;6.5
2014;new;intertidal;Sukhaya;16.7;2.1;7
2014;new;intertidal;Sukhaya;16.1;4.1;6.3
2014;new;intertidal;Sukhaya;14.8;5.3;5.6
2014;new;intertidal;Sukhaya;16.4;3.8;6.4
2014;new;intertidal;Sukhaya;15.6;5.4;6.1
2014;new;intertidal;Sukhaya;13;4.8;5.7
2014;new;intertidal;Sukhaya;25.8;6.1;10.3
2014;new;intertidal;Sukhaya;37;14.5;15.9
2014;new;intertidal;Sukhaya;25.6;4.5;9.7
2014;new;intertidal;Sukhaya;22.6;0;8.4
2014;new;intertidal;Sukhaya;22.5;6;8.7
2014;new;intertidal;Sukhaya;25.2;5.4;10.3
2014;new;intertidal;Sukhaya;26.4;8.9;10.9
2014;new;intertidal;Sukhaya;24.8;7.8;10.7
2014;new;intertidal;Sukhaya;20.8;7.6;8.5
2014;new;intertidal;Sukhaya;23.7;7.8;9.5
2014;new;intertidal;Sukhaya;23;0;10.1
2014;new;intertidal;Sukhaya;26.1;8.8;10.7
2014;new;intertidal;Sukhaya;24.5;0;9.1
2014;new;intertidal;Sukhaya;20.1;0;8.2
2014;new;intertidal;Sukhaya;21.5;0;8.4
2014;new;intertidal;Sukhaya;13.3;5;6.9
2014;new;intertidal;Sukhaya;16.8;5.4;6.7
2014;new;intertidal;Sukhaya;16.2;5.1;7.1
2014;new;intertidal;Sukhaya;15.7;5.3;6.4
2014;new;intertidal;Sukhaya;16.6;2.2;6.8
2014;new;intertidal;Sukhaya;14.6;4.6;6.2
2014;new;intertidal;Sukhaya;13.9;4.1;6.2
2014;new;intertidal;Sukhaya;23.4;4.2;9.3
2014;new;intertidal;Sukhaya;21.5;0;9.2
2014;new;intertidal;Sukhaya;18.2;4.1;6.4
2014;new;intertidal;Sukhaya;20.1;5.7;8.6
2014;new;intertidal;Sukhaya;23.1;6.1;9.4
2014;new;intertidal;Sukhaya;23.2;6.4;9.9
2014;new;intertidal;Sukhaya;20.7;6.2;8.3
2014;new;intertidal;Sukhaya;26.1;6.7;11.2
2014;new;intertidal;Sukhaya;19.9;7.5;8.6
2014;new;intertidal;Sukhaya;21.5;7.6;9.2
2014;new;intertidal;Sukhaya;20.9;6.1;9.1
2014;new;intertidal;Sukhaya;16.9;7.1;6.9
2014;new;intertidal;Sukhaya;22.7;6.2;9.7
2014;new;intertidal;Sukhaya;28.7;11.2;12.4
2014;new;intertidal;Sukhaya;16.7;6.2;6.6
2014;new;intertidal;Sukhaya;24;8.7;10.2
2014;new;intertidal;Sukhaya;18.3;5.6;7.4
2014;new;intertidal;Sukhaya;18.6;0;6.6
2014;new;intertidal;Sukhaya;16.6;3;6.4
2014;new;intertidal;Sukhaya;15.6;5.5;6.6
2014;new;intertidal;Sukhaya;17.4;4.3;7
2014;new;intertidal;Sukhaya;13.8;4.8;5.7
2014;new;intertidal;Sukhaya;13.6;3.8;5.6
2014;new;intertidal;Sukhaya;26;7.6;10.4
2014;new;intertidal;Sukhaya;29;7.6;11.4
2014;new;intertidal;Sukhaya;24;6.2;10.2
2014;new;intertidal;Sukhaya;24.3;8.1;10
2014;new;intertidal;Sukhaya;23.7;8.8;9.4
2014;new;intertidal;Sukhaya;20.2;7.4;8.3
2014;new;intertidal;Sukhaya;21.1;0;7.7
2014;new;intertidal;Sukhaya;21.9;6.2;8.7
2014;new;intertidal;Sukhaya;21.6;6.7;9.4
2014;new;intertidal;Sukhaya;19.9;4.7;7.5
2014;new;intertidal;Sukhaya;26.7;0;10.2
2014;new;intertidal;Sukhaya;20.4;8.1;8.2
2014;new;intertidal;Sukhaya;20.7;4.8;8.6
2014;new;intertidal;Sukhaya;16.4;3.2;6.2
2014;new;intertidal;Sukhaya;23.1;6.2;9.1
2014;new;intertidal;Sukhaya;17.6;4.9;7.1
2014;new;intertidal;Sukhaya;20;3.7;8.2
2014;new;intertidal;Sukhaya;19.7;4.1;8.7
2014;new;intertidal;Sukhaya;21;4.5;8.8
2014;new;intertidal;Sukhaya;18.4;0;6.8
2014;new;intertidal;Sukhaya;19.8;6.2;8.1
2014;new;intertidal;Sukhaya;19.7;6;8.1
2014;new;intertidal;Sukhaya;20.3;6.7;8.3
2014;new;intertidal;Sukhaya;18.2;7.2;8
2014;new;intertidal;Sukhaya;17.3;5.8;7.4
2014;new;intertidal;Sukhaya;17.9;0;7.1
2014;new;intertidal;Sukhaya;18.1;6.1;7.7
2014;new;intertidal;Sukhaya;20.1;0;8.2
2014;new;intertidal;Sukhaya;18.5;7.1;7.6
2014;new;intertidal;Sukhaya;16.2;6;6.7
2014;new;intertidal;Sukhaya;19.1;5.3;9
2014;new;intertidal;Sukhaya;14.8;3.8;6.4
2014;new;intertidal;Sukhaya;20.1;6.4;8.1
2014;new;intertidal;Sukhaya;18.7;6.7;7.2
2014;new;intertidal;Sukhaya;21.8;0;9.4
2014;new;intertidal;Sukhaya;19.9;2.3;8.2
2014;new;intertidal;Sukhaya;19.6;6.6;8.4
2014;new;intertidal;Sukhaya;21.2;0;9.1
2014;new;intertidal;Sukhaya;20;5.8;8.2
2014;new;intertidal;Sukhaya;21.2;0;8.3
2014;new;intertidal;Sukhaya;19.4;6;8.1
2014;new;intertidal;Sukhaya;21;5.7;8.8
2014;new;intertidal;Sukhaya;20.2;0;7.8
2014;new;intertidal;Sukhaya;18.3;1.9;7.4
2014;new;intertidal;Sukhaya;22.6;0;8.7
2014;new;intertidal;Sukhaya;21;6.2;9
2014;new;intertidal;Sukhaya;19.4;7.6;8.2
2014;new;intertidal;Sukhaya;20;4.5;8.2
2014;new;intertidal;Sukhaya;18.4;7.1;7.4
2014;new;intertidal;Sukhaya;15.2;6.2;7.8
2014;new;intertidal;Sukhaya;15.1;5.1;6.1
2014;new;intertidal;Sukhaya;19.6;0;7.8
2014;new;intertidal;Sukhaya;17.1;6.8;7.1
2014;new;intertidal;Sukhaya;18.8;6.1;7.8
2014;new;intertidal;Sukhaya;15.2;4.8;6.6
2014;new;intertidal;Sukhaya;17.2;3.1;7.2
2014;new;intertidal;Sukhaya;16.5;5.4;6.9
2014;new;intertidal;Sukhaya;25;6.6;9.5
2014;new;intertidal;Sukhaya;21;8.2;9
