Container;Type;dead_T;dead_E;alive_T;alive_E;dead_Tsmall;dead_Esmall;alive_Tsmall;alive_Esmall
Mytred4;Dense;3;5;21;72;0;0;7;13
Mytred11;Dense;5;6;20;69;3;1;12;4
Mytred110;Dense;16;3;70;9;0;2;4;14
Mytred16;Dense;22;3;68;7;0;1;1;18
Mytred103;Dense;22;1;66;11;4;0;11;4
Mytred100;Dense;24;2;74;8;0;1;0;19
Mytred6;Dense;1;3;23;73;0;1;2;16
Mytred3;Dense;24;2;69;11;0;1;12;7
Mytred102;Dense;24;3;75;9;1;0;16;2
Mytred2;Dense;2;7;18;73;1;0;1;17
Mytred101;Dense;0;0;26;70;1;0;12;5
Mytred14;Dense;2;2;15;81;1;2;13;3
Mytred104;Sparse;0;0;0;0;0;4;4;12
Mytred105;Sparse;0;0;0;0;1;4;0;15
Mytred17;Sparse;0;0;0;0;7;3;4;6
Mytred5;Sparse;0;0;0;0;0;3;1;16
Mytred7;Sparse;0;0;0;0;3;0;11;6
Mytred8;Sparse;0;0;0;0;2;1;8;9
