Site;Sample;Position;Salinity;Fresh_Source;Opennes;Lat;Lon;N_T;N_E
Anis;Anis1;Algae;16;Not_fresh;Exposed;67.06733333;32.56813333;26;154
Anis;Anis2;Bottom;16;Not_fresh;Exposed;67.06733333;32.56813333;2;71
Anis;Anis3;Algae;16;Not_fresh;Exposed;67.06733333;32.56813333;37;124
Anis;Anis4;Bottom;16;Not_fresh;Exposed;67.06733333;32.56813333;0;30
Anis;Anis5;Algae;16;Not_fresh;Exposed;67.06733333;32.56813333;53;149
Anis;Anis6;Bottom;16;Not_fresh;Exposed;67.06733333;32.56813333;2;30
BBS;BBS1;Algae;18;Not_fresh;Sheltered;66.553319;33.103466;32;148
BBS;BBS2;Bottom;18;Not_fresh;Sheltered;66.553319;33.103466;42;81
BBS;BBS3;Algae;18;Not_fresh;Sheltered;66.553319;33.103466;59;215
BBS;BBS4;Bottom;18;Not_fresh;Sheltered;66.553319;33.103466;46;76
BBS;BBS5;Algae;18;Not_fresh;Sheltered;66.553319;33.103466;16;99
BBS;BBS6;Bottom;18;Not_fresh;Sheltered;66.553319;33.103466;51;151
Ber;Ber1;Algae;17;Not_fresh;Exposed;67.103529;32.518556;83;49
Ber;Ber2;Bottom;17;Not_fresh;Exposed;67.103529;32.518556;0;13
Ber;Ber3;Algae;17;Not_fresh;Exposed;67.103529;32.518556;255;50
Ber;Ber4;Bottom;17;Not_fresh;Exposed;67.103529;32.518556;12;35
Ber;Ber5;Algae;17;Not_fresh;Exposed;67.103529;32.518556;86;85
Ber;Ber6;Bottom;17;Not_fresh;Exposed;67.103529;32.518556;13;38
Bersakol;Bersakol1;Algae;21;Not_fresh;Exposed;66.99566667;32.82041667;31;107
Bersakol;Bersakol2;Bottom;21;Not_fresh;Exposed;66.99566667;32.82041667;1;105
Bersakol;Bersakol3;Algae;21;Not_fresh;Exposed;66.99566667;32.82041667;9;28
Bersakol;Bersakol4;Bottom;21;Not_fresh;Exposed;66.99566667;32.82041667;3;181
Bersakol;Bersakol5;Algae;21;Not_fresh;Exposed;66.99566667;32.82041667;13;72
Bersakol;Bersakol6;Bottom;21;Not_fresh;Exposed;66.99566667;32.82041667;5;176
Dem;DEM1;Algae;NA;Not_fresh;Sheltered;67.03525;32.59441667;15;78
Dem;DEM2;Bottom;NA;Not_fresh;Sheltered;67.03525;32.59441667;10;115
Dem;DEM3;Algae;NA;Not_fresh;Sheltered;67.03525;32.59441667;23;89
Dem;DEM4;Bottom;NA;Not_fresh;Sheltered;67.03525;32.59441667;6;79
Dem;DEM5;Algae;NA;Not_fresh;Sheltered;67.03525;32.59441667;13;122
Dem;DEM6;Bottom;NA;Not_fresh;Sheltered;67.03525;32.59441667;16;101
Ir;Ir1;Algae;17;Not_fresh;Exposed;67.05093333;32.48115;148;216
Ir;Ir2;Bottom;17;Not_fresh;Exposed;67.05093333;32.48115;30;78
Ir;Ir3;Algae;17;Not_fresh;Exposed;67.05093333;32.48115;160;205
Ir;Ir4;Bottom;17;Not_fresh;Exposed;67.05093333;32.48115;23;125
Ir;Ir5;Algae;17;Not_fresh;Exposed;67.05093333;32.48115;91;94
Ir;Ir6;Bottom;17;Not_fresh;Exposed;67.05093333;32.48115;19;73
Kibr1;Kibr1;Algae;25;Not_fresh;Exposed;66.9345;32.82238333;9;146
Kibr1;Kibr2;Bottom;25;Not_fresh;Exposed;66.9345;32.82238333;6;152
Kibr1;Kibr3;Algae;25;Not_fresh;Exposed;66.9345;32.82238333;15;171
Kibr1;Kibr4;Bottom;25;Not_fresh;Exposed;66.9345;32.82238333;3;93
Kibr1;Kibr5;Algae;25;Not_fresh;Exposed;66.9345;32.82238333;3;111
Kibr1;Kibr6;Bottom;25;Not_fresh;Exposed;66.9345;32.82238333;2;85
Kibr2;Kibr10;Bottom;24;Not_fresh;Sheltered;66.93538333;32.8249;2;342
Kibr2;Kibr11;Algae;24;Not_fresh;Sheltered;66.93538333;32.8249;186;452
Kibr2;Kibr12;Bottom;24;Not_fresh;Sheltered;66.93538333;32.8249;0;82
Kibr2;Kibr7;Algae;24;Not_fresh;Sheltered;66.93538333;32.8249;40;197
Kibr2;Kibr8;Bottom;24;Not_fresh;Sheltered;66.93538333;32.8249;6;106
Kibr2;Kibr9;Algae;24;Not_fresh;Sheltered;66.93538333;32.8249;6;76
Kolv1;Kolv_1;Algae;17;Fresh;Sheltered;67.07536667;32.91685;8;6
Kolv1;Kolv_2;Bottom;17;Fresh;Sheltered;67.07536667;32.91685;8;29
Kolv1;Kolv_3;Algae;17;Fresh;Sheltered;67.07536667;32.91685;11;12
Kolv1;Kolv_4;Bottom;17;Fresh;Sheltered;67.07536667;32.91685;6;23
Kolv1;Kolv_5;Algae;17;Fresh;Sheltered;67.07536667;32.91685;14;8
Kolv1;Kolv_6;Bottom;17;Fresh;Sheltered;67.07536667;32.91685;5;10
Kolv2;Kolv_10;Bottom;19;Not_fresh;Sheltered;67.063997;32.834742;17;55
Kolv2;Kolv_11;Algae;19;Not_fresh;Sheltered;67.063997;32.834742;37;120
Kolv2;Kolv_12;Bottom;19;Not_fresh;Sheltered;67.063997;32.834742;15;81
Kolv2;Kolv_7;Algae;19;Not_fresh;Sheltered;67.063997;32.834742;32;119
Kolv2;Kolv_8;Bottom;19;Not_fresh;Sheltered;67.063997;32.834742;10;100
Kolv2;Kolv_9;Algae;19;Not_fresh;Sheltered;67.063997;32.834742;45;110
Kolv3;Kolv_13;Algae;2;Fresh;Sheltered;67.085468;32.934362;2;1
Kolv3;Kolv_14;Bottom;2;Fresh;Sheltered;67.085468;32.934362;0;6
Kolv3;Kolv_15;Algae;2;Fresh;Sheltered;67.085468;32.934362;2;4
Kolv3;Kolv_16;Bottom;2;Fresh;Sheltered;67.085468;32.934362;1;1
Kolv3;Kolv_17;Algae;2;Fresh;Sheltered;67.085468;32.934362;6;1
Kolv3;Kolv_18;Bottom;2;Fresh;Sheltered;67.085468;32.934362;3;3
Korg;Korg1;Bottom;NA;Not_fresh;Sheltered;67.11091667;32.64205;13;66
Korg;Korg2;Bottom;NA;Not_fresh;Sheltered;67.11091667;32.64205;33;49
Korg;Korg3;Bottom;NA;Not_fresh;Sheltered;67.11091667;32.64205;15;75
Korg;Korg4;Bottom;NA;Not_fresh;Sheltered;67.11091667;32.64205;22;53
Korg;Korg5;Bottom;NA;Not_fresh;Sheltered;67.11091667;32.64205;7;42
Korg;Korg6;Bottom;NA;Not_fresh;Sheltered;67.11091667;32.64205;17;78
Kovd;kovd1;Algae;27;Not_fresh;Sheltered;66.72556667;32.86436667;73;85
Kovd;kovd2;Bottom;27;Not_fresh;Sheltered;66.72556667;32.86436667;40;150
Kovd;kovd3;Algae;27;Not_fresh;Sheltered;66.72556667;32.86436667;67;59
Kovd;kovd4;Bottom;27;Not_fresh;Sheltered;66.72556667;32.86436667;10;47
Kovd;kovd5;Algae;27;Not_fresh;Sheltered;66.72556667;32.86436667;76;62
Kovd;kovd6;Bottom;27;Not_fresh;Sheltered;66.72556667;32.86436667;4;112
Kurt;kurt1;Algae;NA;Not_fresh;Sheltered;67.111241;32.636971;85;167
Kurt;kurt2;Bottom;NA;Not_fresh;Sheltered;67.111241;32.636971;74;266
Lud;Lud1;Algae;19;Not_fresh;Sheltered;67.033929;32.477844;79;36
Lud;Lud2;Bottom;19;Not_fresh;Sheltered;67.033929;32.477844;196;278
Lud;Lud3;Algae;19;Not_fresh;Sheltered;67.033929;32.477844;113;201
Lud;Lud4;Bottom;19;Not_fresh;Sheltered;67.033929;32.477844;43;391
Lud;Lud5;Algae;19;Not_fresh;Sheltered;67.033929;32.477844;373;260
Lud;Lud6;Bottom;19;Not_fresh;Sheltered;67.033929;32.477844;91;694
Mat;Mat1;Bottom;NA;Not_fresh;Sheltered;67.11316667;32.64278333;53;61
Mat;Mat10;Bottom;NA;Not_fresh;Sheltered;67.11316667;32.64278333;58;63
Mat;Mat11;Bottom;NA;Not_fresh;Sheltered;67.11316667;32.64278333;81;83
Mat;Mat12;Bottom;NA;Not_fresh;Sheltered;67.11316667;32.64278333;68;104
Mat;Mat2;Bottom;NA;Not_fresh;Sheltered;67.11316667;32.64278333;43;39
Mat;Mat3;Bottom;NA;Not_fresh;Sheltered;67.11316667;32.64278333;33;68
Mat;Mat4;Bottom;NA;Not_fresh;Sheltered;67.11316667;32.64278333;41;62
Mat;Mat5;Bottom;NA;Not_fresh;Sheltered;67.11316667;32.64278333;55;59
Mat;Mat6;Bottom;NA;Not_fresh;Sheltered;67.11316667;32.64278333;34;36
Mat;Mat7;Bottom;NA;Not_fresh;Sheltered;67.11316667;32.64278333;68;39
Mat;Mat8;Bottom;NA;Not_fresh;Sheltered;67.11316667;32.64278333;58;57
Mat;Mat9;Bottom;NA;Not_fresh;Sheltered;67.11316667;32.64278333;88;73
Olen;Olen1;Algae;21;Not_fresh;Sheltered;67.096875;32.341194;117;13
Olen;Olen2;Bottom;21;Not_fresh;Sheltered;67.096875;32.341194;79;19
Olen;Olen3;Algae;21;Not_fresh;Sheltered;67.096875;32.341194;104;22
Olen;Olen4;Bottom;21;Not_fresh;Sheltered;67.096875;32.341194;61;25
Olen;Olen5;Algae;21;Not_fresh;Sheltered;67.096875;32.341194;88;14
Olen;Olen6;Bottom;21;Not_fresh;Sheltered;67.096875;32.341194;99;22
Pal;Pal1;Algae;NA;Not_fresh;Sheltered;67.05263333;32.36221667;46;70
Pal;Pal2;Bottom;NA;Not_fresh;Sheltered;67.05263333;32.36221667;3;14
Pal;Pal3;Algae;NA;Not_fresh;Sheltered;67.05263333;32.36221667;79;88
Pal;Pal4;Bottom;NA;Not_fresh;Sheltered;67.05263333;32.36221667;2;12
Pal;Pal5;Algae;NA;Not_fresh;Sheltered;67.05263333;32.36221667;69;120
Pal;Pal6;Bottom;NA;Not_fresh;Sheltered;67.05263333;32.36221667;6;16
Ryazh1;Ryazh1;Algae;21;Not_fresh;Sheltered;67.00815;32.57235;37;159
Ryazh1;Ryazh2;Bottom;21;Not_fresh;Sheltered;67.00815;32.57235;26;106
Ryazh1;Ryazh3;Algae;21;Not_fresh;Sheltered;67.00815;32.57235;116;21
Ryazh1;Ryazh4;Bottom;21;Not_fresh;Sheltered;67.00815;32.57235;31;140
Ryazh1;Ryazh5;Algae;21;Not_fresh;Sheltered;67.00815;32.57235;111;182
Ryazh1;Ryazh6;Bottom;21;Not_fresh;Sheltered;67.00815;32.57235;38;128
Ryazh2;Ryazh10;Bottom;19;Not_fresh;Exposed;67.00683333;32.58006667;22;108
Ryazh2;Ryazh11;Algae;19;Not_fresh;Exposed;67.00683333;32.58006667;50;110
Ryazh2;Ryazh12;Bottom;19;Not_fresh;Exposed;67.00683333;32.58006667;25;78
Ryazh2;Ryazh7;Algae;19;Not_fresh;Exposed;67.00683333;32.58006667;32;44
Ryazh2;Ryazh8;Bottom;19;Not_fresh;Exposed;67.00683333;32.58006667;38;111
Ryazh2;Ryazh9;Algae;19;Not_fresh;Exposed;67.00683333;32.58006667;28;55
Ryazh3;Ryazh13;Algae;21;Not_fresh;Sheltered;67.02508333;32.54033333;113;94
Ryazh3;Ryazh14;Bottom;21;Not_fresh;Sheltered;67.02508333;32.54033333;56;109
Ryazh3;Ryazh15;Algae;21;Not_fresh;Sheltered;67.02508333;32.54033333;132;72
Ryazh3;Ryazh16;Bottom;21;Not_fresh;Sheltered;67.02508333;32.54033333;22;60
Ryazh3;Ryazh17;Algae;21;Not_fresh;Sheltered;67.02508333;32.54033333;150;40
Ryazh3;Ryazh18;Bottom;21;Not_fresh;Sheltered;67.02508333;32.54033333;24;78
Ryazh4;Ryazh19;Algae;22;Not_fresh;Sheltered;67.02585;32.5385;99;219
Ryazh4;Ryazh20;Bottom;22;Not_fresh;Sheltered;67.02585;32.5385;30;188
Ryazh4;Ryazh21;Bottom;22;Not_fresh;Sheltered;67.02585;32.5385;30;103
Ryazh4;Ryazh22;Bottom;22;Not_fresh;Sheltered;67.02585;32.5385;29;124
Ryazh4;Ryazh23;Algae;22;Not_fresh;Sheltered;67.02585;32.5385;71;148
Ryazh4;Ryazh24;Bottom;22;Not_fresh;Sheltered;67.02585;32.5385;14;58
Ryazh5;Ryazh25;Algae;21;Not_fresh;Exposed;67.00683333;32.58006667;49;170
Ryazh5;Ryazh26;Bottom;21;Not_fresh;Exposed;67.00683333;32.58006667;6;118
Ryazh5;Ryazh27;Algae;21;Not_fresh;Exposed;67.00683333;32.58006667;49;229
Ryazh5;Ryazh28;Bottom;21;Not_fresh;Exposed;67.00683333;32.58006667;6;129
Ryazh5;Ryazh29;Algae;21;Not_fresh;Exposed;67.00683333;32.58006667;91;124
Ryazh5;Ryazh30;Bottom;21;Not_fresh;Exposed;67.00683333;32.58006667;0;74
Ryazh6;Ryazh31;Algae;20;Not_fresh;Exposed;67.0094;32.55001667;139;203
Ryazh6;Ryazh32;Bottom;20;Not_fresh;Exposed;67.0094;32.55001667;21;141
Ryazh6;Ryazh33;Algae;20;Not_fresh;Exposed;67.0094;32.55001667;37;81
Ryazh6;Ryazh34;Bottom;20;Not_fresh;Exposed;67.0094;32.55001667;3;72
Ryazh6;Ryazh35;Algae;20;Not_fresh;Exposed;67.0094;32.55001667;30;46
Ryazh6;Ryazh36;Bottom;20;Not_fresh;Exposed;67.0094;32.55001667;21;54
Ryazh7;Ryazh43;Algae;21;Not_fresh;Exposed;67.028334;32.531011;44;208
Ryazh7;Ryazh44;Bottom;21;Not_fresh;Exposed;67.028334;32.531011;10;65
Ryazh7;Ryazh45;Algae;21;Not_fresh;Exposed;67.028334;32.531011;74;212
Ryazh7;Ryazh46;Bottom;21;Not_fresh;Exposed;67.028334;32.531011;3;49
Ryazh7;Ryazh47;Algae;21;Not_fresh;Exposed;67.028334;32.531011;67;212
Ryazh7;Ryazh48;Bottom;21;Not_fresh;Exposed;67.028334;32.531011;0;36
Ryazh8;Ryazh55;Algae;20;Not_fresh;Exposed;67.01993333;32.57121667;25;74
Ryazh8;Ryazh56;Bottom;20;Not_fresh;Exposed;67.01993333;32.57121667;14;71
Ryazh8;Ryazh57;Algae;20;Not_fresh;Exposed;67.01993333;32.57121667;71;202
Ryazh8;Ryazh58;Bottom;20;Not_fresh;Exposed;67.01993333;32.57121667;11;50
Ryazh8;Ryazh59;Algae;20;Not_fresh;Exposed;67.01993333;32.57121667;94;101
Ryazh8;Ryazh60;Bottom;20;Not_fresh;Exposed;67.01993333;32.57121667;4;37
Tel;Tel1;Algae;12;Fresh;Sheltered;67.106144;32.322582;75;39
Tel;Tel2;Bottom;12;Fresh;Sheltered;67.106144;32.322582;108;15
Tel;Tel3;Algae;12;Fresh;Sheltered;67.106144;32.322582;176;31
Tel;Tel4;Bottom;12;Fresh;Sheltered;67.106144;32.322582;83;13
Tel;Tel5;Algae;12;Fresh;Sheltered;67.106144;32.322582;102;19
Tel;Tel6;Bottom;12;Fresh;Sheltered;67.106144;32.322582;67;7
Vel1;Vel1;Algae;24;Not_fresh;Sheltered;66.55473333;33.24068333;21;222
Vel1;Vel2;Bottom;24;Not_fresh;Sheltered;66.55473333;33.24068333;43;164
Vel1;Vel3;Algae;24;Not_fresh;Sheltered;66.55473333;33.24068333;3;38
Vel1;Vel4;Bottom;24;Not_fresh;Sheltered;66.55473333;33.24068333;22;287
Vel1;Vel5;Algae;24;Not_fresh;Sheltered;66.55473333;33.24068333;15;171
Vel1;Vel6;Bottom;24;Not_fresh;Sheltered;66.55473333;33.24068333;11;208
Vel2;Vel10;Bottom;23;Not_fresh;Exposed;66.60665;33.28335;0;90
Vel2;Vel11;Algae;23;Not_fresh;Exposed;66.60665;33.28335;46;245
Vel2;Vel12;Bottom;23;Not_fresh;Exposed;66.60665;33.28335;9;228
Vel2;Vel7;Algae;23;Not_fresh;Exposed;66.60665;33.28335;71;202
Vel2;Vel8;Bottom;23;Not_fresh;Exposed;66.60665;33.28335;17;111
Vel2;Vel9;Algae;23;Not_fresh;Exposed;66.60665;33.28335;25;186
Vel3;Vel13;Algae;23;Not_fresh;Sheltered;66.6101;33.28406667;11;178
Vel3;Vel14;Bottom;23;Not_fresh;Sheltered;66.6101;33.28406667;28;196
Vel3;Vel15;Algae;23;Not_fresh;Sheltered;66.6101;33.28406667;3;59
Vel3;Vel16;Bottom;23;Not_fresh;Sheltered;66.6101;33.28406667;0;57
Vel3;Vel17;Algae;23;Not_fresh;Sheltered;66.6101;33.28406667;4;129
Vel3;Vel18;Bottom;23;Not_fresh;Sheltered;66.6101;33.28406667;18;129
Vlas;Vlas1;Algae;21;Not_fresh;Sheltered;67.08981667;32.6809;62;51
Vlas;Vlas2;Bottom;21;Not_fresh;Sheltered;67.08981667;32.6809;43;83
Vlas;Vlas3;Algae;21;Not_fresh;Sheltered;67.08981667;32.6809;102;116
Vlas;Vlas4;Bottom;21;Not_fresh;Sheltered;67.08981667;32.6809;23;79
Vlas;Vlas5;Algae;21;Not_fresh;Sheltered;67.08981667;32.6809;59;132
Vlas;Vlas6;Bottom;21;Not_fresh;Sheltered;67.08981667;32.6809;30;68
Vor2;Vor2-1;Bottom;NA;Not_fresh;Sheltered;66.940997;32.434276;8;33
Vor2;Vor2-2;Bottom;NA;Not_fresh;Sheltered;66.940997;32.434276;6;46
Vor2;Vor2-3;Bottom;NA;Not_fresh;Sheltered;66.940997;32.434276;5;64
Vor2;Vor2-4;Bottom;NA;Not_fresh;Sheltered;66.940997;32.434276;15;43
Vor2;Vor2-5;Bottom;NA;Not_fresh;Sheltered;66.940997;32.434276;5;68
Vor2;Vor2-6;Bottom;NA;Not_fresh;Sheltered;66.940997;32.434276;18;64
Vor4;Vor4-1;Bottom;NA;Not_fresh;Sheltered;66.934989;32.505966;56;42
Vor4;Vor4-2;Bottom;NA;Not_fresh;Sheltered;66.934989;32.505966;34;66
Vor4;Vor4-3;Bottom;NA;Not_fresh;Sheltered;66.934989;32.505966;30;83
Vor4;Vor4-4;Bottom;NA;Not_fresh;Sheltered;66.934989;32.505966;37;57
Vor4;Vor4-5;Bottom;NA;Not_fresh;Sheltered;66.934989;32.505966;58;87
Vor4;Vor4-6;Bottom;NA;Not_fresh;Sheltered;66.934989;32.505966;30;62
Vor5;Vor5-1;Bottom;NA;Not_fresh;Sheltered;66.928172;32.491289;13;63
Vor5;Vor5-2;Bottom;NA;Not_fresh;Sheltered;66.928172;32.491289;23;72
Vor5;Vor5-3;Bottom;NA;Not_fresh;Sheltered;66.928172;32.491289;22;54
Vor5;Vor5-4;Bottom;NA;Not_fresh;Sheltered;66.928172;32.491289;3;41
Vor5;Vor5-5;Bottom;NA;Not_fresh;Sheltered;66.928172;32.491289;9;48
Vor5;Vor5-6;Bottom;NA;Not_fresh;Sheltered;66.928172;32.491289;16;44
Youzh;yuzh1;Algae;NA;Not_fresh;Sheltered;67.00746;32.571504;264;90
Youzh;yuzh2;Bottom;NA;Not_fresh;Sheltered;67.00746;32.571504;37;413
Youzh;yuzh3;Algae;NA;Not_fresh;Sheltered;67.00746;32.571504;33;69
Youzh;yuzh4;Bottom;NA;Not_fresh;Sheltered;67.00746;32.571504;25;246
Youzh;yuzh5;Algae;NA;Not_fresh;Sheltered;67.00746;32.571504;60;52
Kuz1;Kuz1;Algae;NA;Fresh;Sheltered;66.60283889;34.80873333;0;26
Kuz1;Kuz2;Bottom;NA;Fresh;Sheltered;66.60283889;34.80873333;0;66
Kuz1;Kuz3;Algae;NA;Fresh;Sheltered;66.60283889;34.80873333;0;24
Kuz1;Kuz4;Bottom;NA;Fresh;Sheltered;66.60283889;34.80873333;0;73
Kuz1;Kuz5;Algae;NA;Fresh;Sheltered;66.60283889;34.80873333;0;36
Kuz1;Kuz6;Bottom;NA;Fresh;Sheltered;66.60283889;34.80873333;0;84
Kuz2;Kuz7;Algae;NA;Fresh;Exposed;66.60023889;34.78837222;0;14
Kuz2;Kuz8;Bottom;NA;Fresh;Exposed;66.60023889;34.78837222;0;76
Kuz2;Kuz9;Algae;NA;Fresh;Exposed;66.60023889;34.78837222;0;30
Kuz2;Kuz10;Bottom;NA;Fresh;Exposed;66.60023889;34.78837222;0;67
Kuz2;Kuz11;Algae;NA;Fresh;Exposed;66.60023889;34.78837222;5;56
Kuz2;Kuz12;Bottom;NA;Fresh;Exposed;66.60023889;34.78837222;0;59
Tel2;Tel2-1;Algae;6;Fresh;Sheltered;67.10595;32.32296667;236;44
Tel2;Tel2-2;Bottom;6;Fresh;Sheltered;67.10595;32.32296667;191;5
Tel2;Tel2-3;Algae;6;Fresh;Sheltered;67.10595;32.32296667;167;100
Tel2;Tel2-4;Bottom;6;Fresh;Sheltered;67.10595;32.32296667;155;43
Tel2;Tel2-5;Algae;6;Fresh;Sheltered;67.10595;32.32296667;105;37
Tel2;Tel2-6;Bottom;6;Fresh;Sheltered;67.10595;32.32296667;143;10
Ter;Ter1;Algae;23;Not_fresh;Exposed;66.96528333;32.858;51;110
Ter;Ter2;Bottom;23;Not_fresh;Exposed;66.96528333;32.858;10;82
Ter;Ter3;Algae;23;Not_fresh;Exposed;66.96528333;32.858;90;171
Ter;Ter4;Bottom;23;Not_fresh;Exposed;66.96528333;32.858;9;128
Ter;Ter5;Algae;23;Not_fresh;Exposed;66.96528333;32.858;61;134
Ter;Ter6;Bottom;23;Not_fresh;Exposed;66.96528333;32.858;15;75
Chup1;1_1;Algae;11;Fresh;Exposed;66.29993333;33.63966667;1;6
Chup1;1_2;Algae;11;Fresh;Exposed;66.29993333;33.63966667;2;29
Chup1;1_3;Algae;11;Fresh;Exposed;66.29993333;33.63966667;4;22
Chup1;1_4;Bottom;11;Fresh;Exposed;66.29993333;33.63966667;3;87
Chup1;1_5;Bottom;11;Fresh;Exposed;66.29993333;33.63966667;0;45
Chup1;1_6;Bottom;11;Fresh;Exposed;66.29993333;33.63966667;1;37
Chup2;2_1;Algae;17;Not_fresh;Sheltered;66.29988333;33.62116667;24;13
Chup2;2_2;Algae;17;Not_fresh;Sheltered;66.29988333;33.62116667;17;9
Chup2;2_3;Algae;17;Not_fresh;Sheltered;66.29988333;33.62116667;8;16
Chup2;2_4;Bottom;17;Not_fresh;Sheltered;66.29988333;33.62116667;7;17
Chup2;2_5;Bottom;17;Not_fresh;Sheltered;66.29988333;33.62116667;4;10
Chup2;2_6;Bottom;17;Not_fresh;Sheltered;66.29988333;33.62116667;4;12
Chup4;4_1;Algae;20;Not_fresh;Exposed;66.32066667;33.6063;46;29
Chup4;4_2;Algae;20;Not_fresh;Exposed;66.32066667;33.6063;23;11
Chup4;4_3;Algae;20;Not_fresh;Exposed;66.32066667;33.6063;32;14
Chup4;4_4;Bottom;20;Not_fresh;Exposed;66.32066667;33.6063;19;99
Chup4;4_5;Bottom;20;Not_fresh;Exposed;66.32066667;33.6063;28;52
Chup4;4_6;Bottom;20;Not_fresh;Exposed;66.32066667;33.6063;10;58
Chup3;3_1;Algae;12;Not_fresh;Sheltered;66.28936667;33.6814;3;24
Chup3;3_2;Algae;12;Not_fresh;Sheltered;66.28936667;33.6814;10;13
Chup3;3_3;Algae;12;Not_fresh;Sheltered;66.28936667;33.6814;14;20
Chup3;3_4;Bottom;12;Not_fresh;Sheltered;66.28936667;33.6814;9;66
Chup3;3_5;Bottom;12;Not_fresh;Sheltered;66.28936667;33.6814;2;28
Chup3;3_6;Bottom;12;Not_fresh;Sheltered;66.28936667;33.6814;2;34
LomExp;LomExp1;Algae;16;Not_fresh;Exposed;66.9695;32.60041667;78;132
LomExp;LomExp2;Bottom;16;Not_fresh;Exposed;66.9695;32.60041667;21;197
LomExp;LomExp3;Algae;16;Not_fresh;Exposed;66.9695;32.60041667;171;183
LomExp;LomExp4;Bottom;16;Not_fresh;Exposed;66.9695;32.60041667;17;58
LomExp;LomExp5;Algae;16;Not_fresh;Exposed;66.9695;32.60041667;143;77
LomExp;LomExp6;Bottom;16;Not_fresh;Exposed;66.9695;32.60041667;8;125
KurtExp;KurtExp1;Algae;16;Not_fresh;Exposed;67.10778333;32.6209;97;17
KurtExp;KurtExp2;Bottom;16;Not_fresh;Exposed;67.10778333;32.6209;12;34
KurtExp;KurtExp3;Algae;16;Not_fresh;Exposed;67.10778333;32.6209;59;21
KurtExp;KurtExp4;Bottom;16;Not_fresh;Exposed;67.10778333;32.6209;26;61
KurtExp;KurtExp5;Algae;16;Not_fresh;Exposed;67.10778333;32.6209;77;9
KurtExp;KurtExp6;Bottom;16;Not_fresh;Exposed;67.10778333;32.6209;7;15
Sedl2;Sedl2_1;Algae;16;Not_fresh;Exposed;66.9396;32.65831667;93;92
Sedl2;Sedl2_2;Bottom;16;Not_fresh;Exposed;66.9396;32.65831667;6;86
Sedl2;Sedl2_3;Algae;16;Not_fresh;Exposed;66.9396;32.65831667;68;75
Sedl2;Sedl2_4;Bottom;16;Not_fresh;Exposed;66.9396;32.65831667;10;68
Sedl2;Sedl2_5;Algae;16;Not_fresh;Exposed;66.9396;32.65831667;74;36
Sedl2;Sedl2_6;Bottom;16;Not_fresh;Exposed;66.9396;32.65831667;3;23
Por;Por1;Algae;NA;NA;NA;66.784901;33.706024;164;60
Por;Por2;Bottom;NA;NA;NA;66.784901;33.706024;0;4
Por;Por3;Algae;NA;NA;NA;66.784901;33.706024;81;65
Por;Por4;Bottom;NA;NA;NA;66.784901;33.706024;2;10
Por;Por5;Algae;NA;NA;NA;66.784901;33.706024;31;65
Por;Por6;Bottom;NA;NA;NA;66.784901;33.706024;3;11
LomShel;LomShel1;Algae;14;Not_fresh;Sheltered;66.97156667;32.61031667;390;231
LomShel;LomShel2;Bottom;14;Not_fresh;Sheltered;66.97156667;32.61031667;329;276
LomShel;LomShel3;Algae;14;Not_fresh;Sheltered;66.97156667;32.61031667;326;105
LomShel;LomShel4;Bottom;14;Not_fresh;Sheltered;66.97156667;32.61031667;169;111
LomShel;LomShel5;Algae;14;Not_fresh;Sheltered;66.97156667;32.61031667;93;114
LomShel;LomShel6;Bottom;14;Not_fresh;Sheltered;66.97156667;32.61031667;162;33
Kand;Kand1;Algae;8;Fresh;Exposed;67.1276;32.43231667;44;31
Kand;Kand2;Bottom;8;Fresh;Exposed;67.1276;32.43231667;35;26
Kand;Kand3;Algae;8;Fresh;Exposed;67.1276;32.43231667;54;1
Kand;Kand4;Bottom;8;Fresh;Exposed;67.1276;32.43231667;66;26
Kand;Kand5;Algae;8;Fresh;Exposed;67.1276;32.43231667;23;7
Kand;Kand6;Bottom;8;Fresh;Exposed;67.1276;32.43231667;80;42
Bar;Bar1;Algae;4;Fresh;Exposed;67.12138333;32.45536667;50;7
Bar;Bar2;Bottom;4;Fresh;Exposed;67.12138333;32.45536667;47;13
Bar;Bar3;Algae;4;Fresh;Exposed;67.12138333;32.45536667;24;1
Bar;Bar4;Bottom;4;Fresh;Exposed;67.12138333;32.45536667;66;5
Bar;Bar5;Algae;4;Fresh;Exposed;67.12138333;32.45536667;27;10
Bar;Bar6;Bottom;4;Fresh;Exposed;67.12138333;32.45536667;133;26
KibrExp;KibrExp1;Algae;24;Not_fresh;Exposed;66.92906667;32.83261667;128;141
KibrExp;KibrExp2;Bottom;24;Not_fresh;Exposed;66.92906667;32.83261667;7;59
KibrExp;KibrExp3;Algae;24;Not_fresh;Exposed;66.92906667;32.83261667;60;55
KibrExp;KibrExp4;Bottom;24;Not_fresh;Exposed;66.92906667;32.83261667;2;30
KibrExp;KibrExp5;Algae;24;Not_fresh;Exposed;66.92906667;32.83261667;109;125
KibrExp;KibrExp6;Bottom;24;Not_fresh;Exposed;66.92906667;32.83261667;13;99
Knyazh;Knyazh1;Algae;13;Not_fresh;Exposed;66.9112;32.62318333;186;3
Knyazh;Knyazh2;Bottom;13;Not_fresh;Exposed;66.9112;32.62318333;24;40
Knyazh;Knyazh3;Algae;13;Not_fresh;Exposed;66.9112;32.62318333;89;19
Knyazh;Knyazh4;Bottom;13;Not_fresh;Exposed;66.9112;32.62318333;9;17
Knyazh;Knyazh5;Algae;13;Not_fresh;Exposed;66.9112;32.62318333;165;57
Knyazh;Knyazh6;Bottom;13;Not_fresh;Exposed;66.9112;32.62318333;2;17
Val;Val1;Algae;17;Not_fresh;Exposed;66.92775;32.53526667;48;10
Val;Val2;Bottom;17;Not_fresh;Exposed;66.92775;32.53526667;102;70
Val;Val3;Algae;17;Not_fresh;Exposed;66.92775;32.53526667;133;32
Val;Val4;Bottom;17;Not_fresh;Exposed;66.92775;32.53526667;62;51
Val;Val5;Algae;17;Not_fresh;Exposed;66.92775;32.53526667;191;51
Val;Val6;Bottom;17;Not_fresh;Exposed;66.92775;32.53526667;155;251
Umb;Umb1;Algae;NA;Not_fresh;Sheltered;66.677489;34.333603;7;2
Umb;Umb2;Bottom;NA;Not_fresh;Sheltered;66.677489;34.333603;2;39
Umb;Umb3;Algae;NA;Not_fresh;Sheltered;66.677489;34.333603;14;2
Umb;Umb4;Bottom;NA;Not_fresh;Sheltered;66.677489;34.333603;2;30
Umb;Umb5;Algae;NA;Not_fresh;Sheltered;66.677489;34.333603;11;1
Umb;Umb6;Bottom;NA;Not_fresh;Sheltered;66.677489;34.333603;2;19
VorShel;VorShel2-1;Algae;17;Not_fresh;Sheltered;66.93415;32.52638333;148;51
VorShel;VorShel2-2;Bottom;17;Not_fresh;Sheltered;66.93415;32.52638333;58;85
VorShel;VorShel2-3;Algae;17;Not_fresh;Sheltered;66.93415;32.52638333;122;58
VorShel;VorShel2-4;Bottom;17;Not_fresh;Sheltered;66.93415;32.52638333;96;60
VorShel;VorShel2-5;Algae;17;Not_fresh;Sheltered;66.93415;32.52638333;167;11
VorShel;VorShel2-6;Bottom;17;Not_fresh;Sheltered;66.93415;32.52638333;74;46
KibrShel;KibrShel1;Algae;22;Not_fresh;Sheltered;66.93615;32.82288333;110;86
KibrShel;KibrShel2;Bottom;22;Not_fresh;Sheltered;66.93615;32.82288333;8;59
KibrShel;KibrShel3;Algae;22;Not_fresh;Sheltered;66.93615;32.82288333;180;80
KibrShel;KibrShel4;Bottom;22;Not_fresh;Sheltered;66.93615;32.82288333;5;40
KibrShel;KibrShel5;Algae;22;Not_fresh;Sheltered;66.93615;32.82288333;118;150
KibrShel;KibrShel6;Bottom;22;Not_fresh;Sheltered;66.93615;32.82288333;1;56
