Site;Sample;Position;Lat;Lon
Anis;Anis1;Algae;67.06733333;32.56813333
Anis;Anis2;Bottom;67.06733333;32.56813333
Anis;Anis3;Algae;67.06733333;32.56813333
Anis;Anis4;Bottom;67.06733333;32.56813333
Anis;Anis5;Algae;67.06733333;32.56813333
Anis;Anis6;Bottom;67.06733333;32.56813333
BBS;BBS1;Algae;66.553319;33.103466
BBS;BBS2;Bottom;66.553319;33.103466
BBS;BBS3;Algae;66.553319;33.103466
BBS;BBS4;Bottom;66.553319;33.103466
BBS;BBS5;Algae;66.553319;33.103466
BBS;BBS6;Bottom;66.553319;33.103466
Ber;Ber1;Algae;67.103529;32.518556
Ber;Ber2;Bottom;67.103529;32.518556
Ber;Ber3;Algae;67.103529;32.518556
Ber;Ber4;Bottom;67.103529;32.518556
Ber;Ber5;Algae;67.103529;32.518556
Ber;Ber6;Bottom;67.103529;32.518556
Bersakol;Bersakol1;Algae;66.99566667;32.82041667
Bersakol;Bersakol2;Bottom;66.99566667;32.82041667
Bersakol;Bersakol3;Algae;66.99566667;32.82041667
Bersakol;Bersakol4;Bottom;66.99566667;32.82041667
Bersakol;Bersakol5;Algae;66.99566667;32.82041667
Bersakol;Bersakol6;Bottom;66.99566667;32.82041667
Dem;DEM1;Algae;67.03525;32.59441667
Dem;DEM2;Bottom;67.03525;32.59441667
Dem;DEM3;Algae;67.03525;32.59441667
Dem;DEM4;Bottom;67.03525;32.59441667
Dem;DEM5;Algae;67.03525;32.59441667
Dem;DEM6;Bottom;67.03525;32.59441667
Dolg1;Dolg1;Algae;65.0622;35.75333333
Dolg1;Dolg2;Bottom;65.0622;35.75333333
Dolg1;Dolg4;Bottom;65.0622;35.75333333
Dolg1;Dolg3;Algae;65.0622;35.75333333
Dolg1;Dolg5;Algae;65.0622;35.75333333
Dolg1;Dolg6;Bottom;65.0622;35.75333333
Dolg2;Dolg7;Algae;65.06328333;35.76625
Dolg2;Dolg8;Bottom;65.06328333;35.76625
Dolg2;Dolg9;Algae;65.06328333;35.76625
Dolg2;Dolg10;Bottom;65.06328333;35.76625
Dolg2;Dolg12;Bottom;65.06328333;35.76625
Dolg3;Dolg13;Algae;65.09215;35.79756667
Dolg3;Dolg14;Bottom;65.09215;35.79756667
Dolg3;Dolg15;Algae;65.09215;35.79756667
Dolg3;Dolg16;Bottom;65.09215;35.79756667
Dolg3;Dolg17;Algae;65.09215;35.79756667
Dolg3;Dolg18;Bottom;65.09215;35.79756667
Dolg4;Dolg19;Algae;65.09303333;35.79405
Dolg4;Dolg20;Bottom;65.09303333;35.79405
Dolg4;Dolg21;Algae;65.09303333;35.79405
Dolg4;Dolg22;Bottom;65.09303333;35.79405
Dolg4;Dolg23;Algae;65.09303333;35.79405
Dolg4;Dolg24;Bottom;65.09303333;35.79405
Dolg5;Dolg25;Algae;65.04185;35.75781667
Dolg5;Dolg26;Bottom;65.04185;35.75781667
Dolg5;Dolg27;Algae;65.04185;35.75781667
Dolg5;Dolg28;Bottom;65.04185;35.75781667
Dolg5;Dolg29;Algae;65.04185;35.75781667
Dolg5;Dolg30;Bottom;65.04185;35.75781667
Ir;Ir1;Algae;67.05093333;32.48115
Ir;Ir2;Bottom;67.05093333;32.48115
Ir;Ir3;Algae;67.05093333;32.48115
Ir;Ir4;Bottom;67.05093333;32.48115
Ir;Ir5;Algae;67.05093333;32.48115
Ir;Ir6;Bottom;67.05093333;32.48115
Kibr1;Kibr1;Algae;66.9345;32.82238333
Kibr1;Kibr2;Bottom;66.9345;32.82238333
Kibr1;Kibr3;Algae;66.9345;32.82238333
Kibr1;Kibr4;Bottom;66.9345;32.82238333
Kibr1;Kibr5;Algae;66.9345;32.82238333
Kibr1;Kibr6;Bottom;66.9345;32.82238333
Kibr2;Kibr7;Algae;66.93538333;32.8249
Kibr2;Kibr8;Bottom;66.93538333;32.8249
Kibr2;Kibr9;Algae;66.93538333;32.8249
Kibr2;Kibr10;Bottom;66.93538333;32.8249
Kibr2;Kibr11;Algae;66.93538333;32.8249
Kibr2;Kibr12;Bottom;66.93538333;32.8249
Kolv1;Kolv_1;Algae;67.07536667;32.91685
Kolv1;Kolv_2;Bottom;67.07536667;32.91685
Kolv1;Kolv_3;Algae;67.07536667;32.91685
Kolv1;Kolv_4;Bottom;67.07536667;32.91685
Kolv1;Kolv_5;Algae;67.07536667;32.91685
Kolv1;Kolv_6;Bottom;67.07536667;32.91685
Kolv2;Kolv_7;Algae;67.05723333;32.84326667
Kolv2;Kolv_8;Bottom;67.05723333;32.84326667
Kolv2;Kolv_9;Algae;67.05723333;32.84326667
Kolv2;Kolv_10;Bottom;67.05723333;32.84326667
Kolv2;Kolv_11;Algae;67.05723333;32.84326667
Kolv2;Kolv_12;Bottom;67.05723333;32.84326667
Kolv3;Kolv_13;Algae;67.085468;32.934362
Kolv3;Kolv_14;Bottom;67.085468;32.934362
Kolv3;Kolv_15;Algae;67.085468;32.934362
Kolv3;Kolv_16;Bottom;67.085468;32.934362
Kolv3;Kolv_17;Algae;67.085468;32.934362
Kolv3;Kolv_18;Bottom;67.085468;32.934362
Korg;Korg1;Bottom;67.11091667;32.64205
Korg;Korg2;Bottom;67.11091667;32.64205
Korg;Korg3;Bottom;67.11091667;32.64205
Korg;Korg4;Bottom;67.11091667;32.64205
Korg;Korg5;Bottom;67.11091667;32.64205
Korg;Korg6;Bottom;67.11091667;32.64205
Kovd;kovd1;Algae;66.72556667;32.86436667
Kovd;kovd2;Bottom;66.72556667;32.86436667
Kovd;kovd3;Algae;66.72556667;32.86436667
Kovd;kovd4;Bottom;66.72556667;32.86436667
Kovd;kovd5;Algae;66.72556667;32.86436667
Kovd;kovd6;Bottom;66.72556667;32.86436667
Kurt;kurt1;Algae;67.111241;32.636971
Kurt;kurt2;Bottom;67.111241;32.636971
Lud;Lud1;Algae;67.033929;32.477844
Lud;Lud2;Bottom;67.033929;32.477844
Lud;Lud3;Algae;67.033929;32.477844
Lud;Lud4;Bottom;67.033929;32.477844
Lud;Lud5;Algae;67.033929;32.477844
Lud;Lud6;Bottom;67.033929;32.477844
Mat;Mat1;Bottom;67.11316667;32.64278333
Mat;Mat2;Bottom;67.11316667;32.64278333
Mat;Mat3;Bottom;67.11316667;32.64278333
Mat;Mat4;Bottom;67.11316667;32.64278333
Mat;Mat5;Bottom;67.11316667;32.64278333
Mat;Mat6;Bottom;67.11316667;32.64278333
Mat;Mat7;Bottom;67.11316667;32.64278333
Mat;Mat8;Bottom;67.11316667;32.64278333
Mat;Mat9;Bottom;67.11316667;32.64278333
Mat;Mat10;Bottom;67.11316667;32.64278333
Mat;Mat11;Bottom;67.11316667;32.64278333
Mat;Mat12;Bottom;67.11316667;32.64278333
Olen;Olen1;Algae;67.096875;32.341194
Olen;Olen2;Bottom;67.096875;32.341194
Olen;Olen3;Algae;67.096875;32.341194
Olen;Olen4;Bottom;67.096875;32.341194
Olen;Olen5;Algae;67.096875;32.341194
Olen;Olen6;Bottom;67.096875;32.341194
Pal;Pal1;Algae;67.05263333;32.36221667
Pal;Pal2;Bottom;67.05263333;32.36221667
Pal;Pal3;Algae;67.05263333;32.36221667
Pal;Pal4;Bottom;67.05263333;32.36221667
Pal;Pal5;Algae;67.05263333;32.36221667
Pal;Pal6;Bottom;67.05263333;32.36221667
Ryazh1;Ryazh1;Algae;67.00815;32.57235
Ryazh1;Ryazh2;Bottom;67.00815;32.57235
Ryazh1;Ryazh3;Algae;67.00815;32.57235
Ryazh1;Ryazh4;Bottom;67.00815;32.57235
Ryazh1;Ryazh5;Algae;67.00815;32.57235
Ryazh1;Ryazh6;Bottom;67.00815;32.57235
Ryazh2;Ryazh7;Algae;67.00683333;32.58006667
Ryazh2;Ryazh8;Bottom;67.00683333;32.58006667
Ryazh2;Ryazh9;Algae;67.00683333;32.58006667
Ryazh2;Ryazh10;Bottom;67.00683333;32.58006667
Ryazh2;Ryazh11;Algae;67.00683333;32.58006667
Ryazh2;Ryazh12;Bottom;67.00683333;32.58006667
Ryazh3;Ryazh13;Algae;67.02508333;32.54033333
Ryazh3;Ryazh14;Bottom;67.02508333;32.54033333
Ryazh3;Ryazh15;Algae;67.02508333;32.54033333
Ryazh3;Ryazh16;Bottom;67.02508333;32.54033333
Ryazh3;Ryazh17;Algae;67.02508333;32.54033333
Ryazh3;Ryazh18;Bottom;67.02508333;32.54033333
Ryazh4;Ryazh19;Algae;67.02585;32.5385
Ryazh4;Ryazh20;Bottom;67.02585;32.5385
Ryazh4;Ryazh21;Bottom;67.02585;32.5385
Ryazh4;Ryazh22;Bottom;67.02585;32.5385
Ryazh4;Ryazh23;Algae;67.02585;32.5385
Ryazh4;Ryazh24;Bottom;67.02585;32.5385
Ryazh5;Ryazh25;Algae;67.00683333;32.58006667
Ryazh5;Ryazh26;Bottom;67.00683333;32.58006667
Ryazh5;Ryazh27;Algae;67.00683333;32.58006667
Ryazh5;Ryazh28;Bottom;67.00683333;32.58006667
Ryazh5;Ryazh29;Algae;67.00683333;32.58006667
Ryazh5;Ryazh30;Bottom;67.00683333;32.58006667
Ryazh6;Ryazh31;Algae;67.0094;32.55001667
Ryazh6;Ryazh32;Bottom;67.0094;32.55001667
Ryazh6;Ryazh33;Algae;67.0094;32.55001667
Ryazh6;Ryazh34;Bottom;67.0094;32.55001667
Ryazh6;Ryazh35;Algae;67.0094;32.55001667
Ryazh6;Ryazh36;Bottom;67.0094;32.55001667
Ryazh7;Ryazh43;Algae;67.028334;32.531011
Ryazh7;Ryazh44;Bottom;67.028334;32.531011
Ryazh7;Ryazh45;Algae;67.028334;32.531011
Ryazh7;Ryazh46;Bottom;67.028334;32.531011
Ryazh7;Ryazh47;Algae;67.028334;32.531011
Ryazh7;Ryazh48;Bottom;67.028334;32.531011
Ryazh8;Ryazh55;Algae;67.01993333;32.57121667
Ryazh8;Ryazh56;Bottom;67.01993333;32.57121667
Ryazh8;Ryazh57;Algae;67.01993333;32.57121667
Ryazh8;Ryazh58;Bottom;67.01993333;32.57121667
Ryazh8;Ryazh59;Algae;67.01993333;32.57121667
Ryazh8;Ryazh60;Bottom;67.01993333;32.57121667
Sol1;Sol1;Algae;65.02318333;35.68416667
Sol1;Sol2;Bottom;65.02318333;35.68416667
Sol1;Sol3;Algae;65.02318333;35.68416667
Sol1;Sol4;Bottom;65.02318333;35.68416667
Sol1;Sol5;Algae;65.02318333;35.68416667
Sol1;Sol6;Bottom;65.02318333;35.68416667
Sol2;Sol7;Algae;65.03561667;35.67131667
Sol2;Sol8;Bottom;65.03561667;35.67131667
Sol2;Sol9;Algae;65.03561667;35.67131667
Sol2;Sol10;Bottom;65.03561667;35.67131667
Sol2;Sol11;Algae;65.03561667;35.67131667
Sol2;Sol12;Bottom;65.03561667;35.67131667
Sol3;Sol13;Algae;65.0316;35.68818333
Sol3;Sol14;Bottom;65.0316;35.68818333
Sol3;Sol15;Algae;65.0316;35.68818333
Sol3;Sol16;Bottom;65.0316;35.68818333
Sol3;Sol17;Algae;65.0316;35.68818333
Sol3;Sol18;Bottom;65.0316;35.68818333
Tel;Tel1;Algae;67.106144;32.322582
Tel;Tel2;Bottom;67.106144;32.322582
Tel;Tel3;Algae;67.106144;32.322582
Tel;Tel4;Bottom;67.106144;32.322582
Tel;Tel5;Algae;67.106144;32.322582
Tel;Tel6;Bottom;67.106144;32.322582
Vel1;Vel1;Algae;66.55473333;33.24068333
Vel1;Vel2;Bottom;66.55473333;33.24068333
Vel1;Vel3;Algae;66.55473333;33.24068333
Vel1;Vel4;Bottom;66.55473333;33.24068333
Vel1;Vel5;Algae;66.55473333;33.24068333
Vel1;Vel6;Bottom;66.55473333;33.24068333
Vel2;Vel7;Algae;66.60665;33.28335
Vel2;Vel8;Bottom;66.60665;33.28335
Vel2;Vel9;Algae;66.60665;33.28335
Vel2;Vel10;Bottom;66.60665;33.28335
Vel2;Vel11;Algae;66.60665;33.28335
Vel2;Vel12;Bottom;66.60665;33.28335
Vel3;Vel13;Algae;66.6101;33.28406667
Vel3;Vel14;Bottom;66.6101;33.28406667
Vel3;Vel15;Algae;66.6101;33.28406667
Vel3;Vel16;Bottom;66.6101;33.28406667
Vel3;Vel17;Algae;66.6101;33.28406667
Vel3;Vel18;Bottom;66.6101;33.28406667
Vlas;Vlas1;Algae;67.08981667;32.6809
Vlas;Vlas2;Bottom;67.08981667;32.6809
Vlas;Vlas3;Algae;67.08981667;32.6809
Vlas;Vlas4;Bottom;67.08981667;32.6809
Vlas;Vlas5;Algae;67.08981667;32.6809
Vlas;Vlas6;Bottom;67.08981667;32.6809
Vor2;Vor2-1;Bottom;66.940997;32.434276
Vor2;Vor2-2;Bottom;66.940997;32.434276
Vor2;Vor2-3;Bottom;66.940997;32.434276
Vor2;Vor2-4;Bottom;66.940997;32.434276
Vor2;Vor2-5;Bottom;66.940997;32.434276
Vor2;Vor2-6;Bottom;66.940997;32.434276
Vor4;Vor4-1;Bottom;66.934989;32.505966
Vor4;Vor4-2;Bottom;66.934989;32.505966
Vor4;Vor4-3;Bottom;66.934989;32.505966
Vor4;Vor4-4;Bottom;66.934989;32.505966
Vor4;Vor4-5;Bottom;66.934989;32.505966
Vor4;Vor4-6;Bottom;66.934989;32.505966
Vor5;Vor5-1;Bottom;66.928172;32.491289
Vor5;Vor5-2;Bottom;66.928172;32.491289
Vor5;Vor5-3;Bottom;66.928172;32.491289
Vor5;Vor5-4;Bottom;66.928172;32.491289
Vor5;Vor5-5;Bottom;66.928172;32.491289
Vor5;Vor5-6;Bottom;66.928172;32.491289
Youzh;yuzh1;Algae;67.00746;32.571504
Youzh;yuzh2;Bottom;67.00746;32.571504
Youzh;yuzh3;Algae;67.00746;32.571504
Youzh;yuzh4;Bottom;67.00746;32.571504
Youzh;yuzh5;Algae;67.00746;32.571504
